shipment_id,region,transport_mode,warehouse,shipment_volume_kg,delivery_time_days,distance_km,transport_cost,fuel_cost,on_time_delivery
SHP-0001,West,Sea,WH-C,74.2,10.72,520.31,564.87,10.0,1
SHP-0002,Central,Rail,WH-A,60.62,7.33,614.2,643.88,59.9,1
SHP-0003,East,Rail,WH-A,35.05,6.18,450.19,319.66,10.0,1
SHP-0004,Central,Sea,WH-C,89.31,9.78,468.85,662.3,26.66,1
SHP-0005,Central,Air,WH-D,93.11,6.03,444.67,2304.16,38.15,1
SHP-0006,South,Road,WH-C,60.62,5.89,785.05,800.04,49.5,1
SHP-0007,East,Rail,WH-D,131.89,9.77,602.45,934.91,32.24,1
SHP-0008,East,Rail,WH-A,85.79,7.13,547.78,663.2,10.0,1
SHP-0009,East,Road,WH-A,61.87,5.02,267.72,646.97,10.0,1
SHP-0010,Central,Air,WH-D,42.0,4.0,410.87,1039.99,25.41,1
SHP-0011,West,Sea,WH-A,95.25,9.16,758.51,655.32,29.91,1
SHP-0012,East,Sea,WH-D,105.29,10.42,501.75,585.81,30.65,1
SHP-0013,Central,Road,WH-B,68.61,6.07,676.26,767.28,47.42,1
SHP-0014,South,Road,WH-C,90.52,6.56,1150.47,796.22,77.71,1
SHP-0015,West,Sea,WH-B,161.2,11.7,811.21,1065.7,26.22,1
SHP-0016,South,Sea,WH-D,123.01,11.67,515.28,717.5,61.29,1
SHP-0017,West,Road,WH-C,30.47,6.15,385.57,405.06,32.72,1
SHP-0018,Central,Sea,WH-D,61.56,10.95,144.65,446.3,10.0,1
SHP-0019,North,Sea,WH-C,80.28,9.31,454.49,632.01,41.34,1
SHP-0020,West,Road,WH-C,87.86,6.05,421.37,688.27,58.66,1
SHP-0021,South,Rail,WH-C,91.37,9.52,594.29,763.74,11.11,1
SHP-0022,Central,Road,WH-C,102.44,7.67,457.66,1101.75,21.79,1
SHP-0023,West,Road,WH-D,81.44,4.69,422.51,817.18,10.0,1
SHP-0024,North,Road,WH-C,85.69,6.75,209.74,1090.9,14.43,1
SHP-0025,North,Air,WH-C,125.75,1.99,313.82,2722.53,22.74,1
SHP-0026,East,Road,WH-B,96.05,6.58,619.43,1100.45,33.48,1
SHP-0027,East,Road,WH-A,50.34,7.89,1122.86,652.26,51.94,1
SHP-0028,South,Road,WH-A,89.06,5.31,470.21,1055.24,10.0,1
SHP-0029,West,Road,WH-B,80.38,5.29,576.72,798.69,37.32,1
SHP-0030,West,Sea,WH-B,34.93,10.51,778.36,280.34,64.64,1
SHP-0031,East,Road,WH-D,91.03,4.66,333.88,1047.37,10.0,1
SHP-0032,West,Road,WH-D,53.22,5.03,587.61,634.44,38.92,1
SHP-0033,West,Air,WH-D,126.56,4.96,345.35,2734.56,10.0,1
SHP-0034,North,Road,WH-B,101.82,5.9,746.29,1024.98,47.9,1
SHP-0035,East,Road,WH-B,49.14,5.41,529.89,599.0,23.24,1
SHP-0036,Central,Road,WH-C,124.09,7.89,568.65,1396.31,19.84,1
SHP-0037,East,Road,WH-D,148.68,7.96,338.44,1494.61,10.0,1
SHP-0038,Central,Road,WH-D,76.18,6.48,691.85,578.06,32.15,1
SHP-0039,North,Road,WH-D,80.17,5.85,1340.32,914.09,79.45,1
SHP-0040,South,Road,WH-A,118.91,7.37,303.75,1152.4,10.0,1
SHP-0041,West,Sea,WH-C,143.86,11.45,418.6,671.84,17.07,1
SHP-0042,North,Road,WH-D,39.0,6.03,550.69,224.09,29.67,1
SHP-0043,West,Rail,WH-D,51.63,6.86,718.72,532.31,23.04,0
SHP-0044,South,Rail,WH-D,70.9,7.57,376.69,608.59,47.67,1
SHP-0045,South,Road,WH-A,74.24,5.0,126.49,774.95,10.0,1
SHP-0046,North,Rail,WH-A,117.45,8.57,946.16,1042.76,42.0,1
SHP-0047,South,Road,WH-B,144.18,6.46,709.84,1543.4,24.37,1
SHP-0048,Central,Sea,WH-C,148.86,10.4,213.45,1002.49,38.72,1
SHP-0049,South,Road,WH-B,38.59,5.79,368.1,345.54,28.54,1
SHP-0050,West,Road,WH-C,59.12,6.11,1046.0,668.45,43.48,1
SHP-0051,West,Road,WH-A,48.17,6.57,987.27,430.37,70.89,1
SHP-0052,West,Sea,WH-D,65.27,9.68,773.21,447.29,45.54,1
SHP-0053,West,Road,WH-B,59.01,6.33,452.81,652.21,28.76,1
SHP-0054,Central,Rail,WH-D,101.68,8.96,512.77,878.69,23.04,0
SHP-0055,East,Road,WH-B,106.92,7.24,462.74,1150.05,14.21,1
SHP-0056,North,Air,WH-A,85.24,2.58,846.88,1977.83,51.64,0
SHP-0057,West,Road,WH-A,81.8,6.44,323.63,956.4,10.0,1
SHP-0058,South,Sea,WH-A,72.21,10.72,334.69,711.82,45.66,1
SHP-0059,West,Road,WH-B,75.89,6.17,800.26,803.69,24.97,1
SHP-0060,South,Road,WH-C,160.41,5.29,482.37,1534.35,49.57,1
SHP-0061,South,Road,WH-B,113.63,7.03,954.96,1228.2,50.85,1
SHP-0062,West,Road,WH-C,73.39,8.67,356.98,780.99,24.12,1
SHP-0063,Central,Rail,WH-B,81.13,7.55,479.96,796.53,38.9,1
SHP-0064,South,Road,WH-B,102.68,5.81,316.47,1054.59,10.0,1
SHP-0065,South,Air,WH-A,49.13,3.31,494.49,1089.59,40.16,1
SHP-0066,West,Road,WH-D,90.38,6.79,242.33,938.3,10.0,1
SHP-0067,South,Road,WH-D,110.97,8.17,389.92,1265.93,10.65,1
SHP-0068,South,Road,WH-C,104.95,5.24,247.3,1077.18,10.0,1
SHP-0069,West,Road,WH-D,59.62,6.71,687.51,629.49,19.01,1
SHP-0070,West,Rail,WH-B,64.42,8.34,695.04,718.73,35.0,1
SHP-0071,North,Road,WH-B,33.25,5.24,214.75,333.04,17.6,1
SHP-0072,Central,Road,WH-A,115.97,7.28,934.74,1235.93,61.95,1
SHP-0073,Central,Sea,WH-A,189.93,13.6,1633.96,1158.25,93.48,1
SHP-0074,South,Sea,WH-D,56.04,11.01,503.75,303.56,17.72,1
SHP-0075,Central,Road,WH-C,133.16,5.88,362.22,1414.13,25.46,1
SHP-0076,South,Road,WH-D,182.42,9.03,1911.57,1800.49,107.0,1
SHP-0077,North,Rail,WH-D,69.17,7.67,261.62,661.72,28.43,1
SHP-0078,West,Road,WH-D,81.17,6.34,497.53,798.72,39.02,0
SHP-0079,West,Road,WH-D,94.71,6.59,537.12,1080.74,30.0,1
SHP-0080,West,Road,WH-B,103.53,6.49,939.8,1199.89,38.23,1
SHP-0081,Central,Air,WH-C,96.9,5.11,585.62,2301.34,22.41,1
SHP-0082,North,Rail,WH-B,71.51,7.69,387.86,625.87,13.09,1
SHP-0083,Central,Road,WH-C,110.23,5.5,312.13,1125.35,12.44,1
SHP-0084,Central,Road,WH-A,72.22,5.65,418.19,735.89,27.02,1
SHP-0085,North,Road,WH-D,99.73,6.8,303.89,1202.2,27.44,1
SHP-0086,North,Rail,WH-B,83.93,9.42,504.19,652.23,26.96,1
SHP-0087,North,Road,WH-C,36.9,6.16,375.85,368.02,20.91,1
SHP-0088,North,Road,WH-A,141.58,6.37,240.53,1519.53,15.38,1
SHP-0089,West,Air,WH-A,65.17,6.03,900.07,1470.73,41.77,1
SHP-0090,East,Road,WH-D,147.68,7.76,388.04,1457.21,10.0,1
SHP-0091,East,Rail,WH-C,130.88,10.32,268.08,906.59,10.0,1
SHP-0092,North,Road,WH-B,93.5,6.31,454.52,958.39,14.57,1
SHP-0093,East,Road,WH-D,105.82,7.32,509.19,1129.6,35.1,1
SHP-0094,East,Road,WH-B,111.29,7.77,213.09,1218.99,10.0,1
SHP-0095,North,Air,WH-A,77.98,4.8,577.78,1887.67,28.21,1
SHP-0096,East,Sea,WH-B,79.58,11.65,298.08,615.19,23.39,1
SHP-0097,Central,Sea,WH-B,108.99,11.96,1120.24,688.65,69.42,1
SHP-0098,South,Road,WH-D,84.31,5.96,633.65,890.35,18.66,1
SHP-0099,South,Rail,WH-B,71.61,7.13,406.69,639.76,37.32,1
SHP-0100,North,Road,WH-D,60.04,6.26,344.58,797.61,35.86,1
SHP-0101,West,Road,WH-A,100.97,7.69,468.54,1109.04,10.0,1
SHP-0102,North,Sea,WH-D,64.25,9.9,661.26,425.11,24.01,1
SHP-0103,West,Road,WH-D,121.36,8.21,486.76,1211.31,44.64,0
SHP-0104,South,Road,WH-C,125.75,8.73,443.97,1221.8,22.22,1
SHP-0105,North,Road,WH-B,105.48,5.64,506.75,1163.59,10.0,1
SHP-0106,Central,Road,WH-A,114.92,5.91,368.76,1250.08,10.0,1
SHP-0107,East,Road,WH-D,105.61,6.54,417.91,1172.96,19.24,1
SHP-0108,West,Rail,WH-A,118.42,8.99,181.06,919.89,10.0,1
SHP-0109,East,Road,WH-C,116.27,6.29,786.34,1344.39,37.05,1
SHP-0110,East,Sea,WH-B,98.67,12.33,568.74,622.4,31.77,1
SHP-0111,North,Air,WH-D,131.59,4.86,339.93,3068.4,40.63,1
SHP-0112,East,Road,WH-B,79.17,6.27,1225.85,861.46,63.07,0
SHP-0113,Central,Road,WH-C,60.82,4.24,513.77,599.47,44.35,1
SHP-0114,East,Road,WH-C,59.49,4.36,299.66,696.92,37.91,1
SHP-0115,North,Rail,WH-A,74.24,8.16,743.4,666.33,62.4,1
SHP-0116,Central,Road,WH-D,34.72,2.97,596.49,415.48,37.08,1
SHP-0117,South,Rail,WH-A,93.11,9.34,595.5,780.68,10.0,1
SHP-0118,East,Road,WH-C,111.92,6.63,401.67,1179.25,29.0,1
SHP-0119,North,Rail,WH-B,124.99,12.48,611.7,1252.03,49.37,0
SHP-0120,South,Road,WH-A,40.08,8.18,434.57,634.53,22.69,1
SHP-0121,South,Road,WH-A,60.32,5.68,643.45,740.29,61.56,1
SHP-0122,West,Sea,WH-B,119.79,11.03,197.48,747.73,23.76,0
SHP-0123,Central,Air,WH-A,78.1,4.55,400.11,1890.79,30.53,1
SHP-0124,East,Road,WH-B,110.85,8.75,1126.23,1257.3,78.24,0
SHP-0125,North,Sea,WH-D,48.06,7.98,340.97,362.29,23.75,1
SHP-0126,West,Road,WH-B,146.92,5.39,368.76,1465.49,10.0,0
SHP-0127,Central,Sea,WH-D,46.46,9.12,397.41,365.95,14.37,1
SHP-0128,West,Air,WH-B,19.77,3.03,275.03,204.06,33.08,1
SHP-0129,Central,Road,WH-C,91.96,7.03,170.72,1019.05,10.0,0
SHP-0130,Central,Road,WH-C,92.97,7.7,441.12,977.92,20.91,1
SHP-0131,East,Road,WH-D,68.35,4.65,525.95,876.35,13.25,1
SHP-0132,Central,Road,WH-D,103.9,4.01,480.49,1060.9,53.19,1
SHP-0133,West,Rail,WH-C,105.15,9.38,459.65,745.28,50.5,1
SHP-0134,Central,Road,WH-D,100.36,5.65,503.03,1050.72,14.41,1
SHP-0135,East,Road,WH-B,67.81,3.7,805.1,616.64,46.49,1
SHP-0136,East,Sea,WH-B,62.26,10.29,449.7,507.96,14.53,1
SHP-0137,West,Sea,WH-C,70.94,11.19,374.07,546.84,29.8,1
SHP-0138,South,Road,WH-A,58.66,5.72,430.55,746.34,31.33,1
SHP-0139,South,Road,WH-B,134.19,6.69,650.72,1324.02,47.97,1
SHP-0140,Central,Road,WH-D,73.59,5.94,970.46,809.07,58.35,1
SHP-0141,North,Road,WH-A,90.85,6.01,364.49,848.37,64.08,1
SHP-0142,Central,Sea,WH-A,119.58,9.6,516.71,774.1,13.0,0
SHP-0143,West,Road,WH-B,57.44,5.01,579.64,682.58,10.0,1
SHP-0144,West,Rail,WH-B,45.62,7.92,305.99,483.73,10.93,1
SHP-0145,West,Road,WH-A,58.75,6.23,497.6,670.33,10.0,0
SHP-0146,West,Rail,WH-A,95.07,8.4,243.83,806.54,10.0,1
SHP-0147,West,Rail,WH-C,92.34,7.02,210.79,870.92,10.0,1
SHP-0148,East,Sea,WH-D,100.28,10.6,587.6,616.34,18.48,1
SHP-0149,South,Road,WH-C,81.27,3.76,409.83,852.22,10.0,1
SHP-0150,West,Road,WH-B,26.34,5.48,542.99,251.12,37.64,1
SHP-0151,North,Road,WH-C,80.17,7.89,488.53,825.46,19.28,1
SHP-0152,North,Sea,WH-C,126.36,9.58,308.38,749.83,14.27,1
SHP-0153,North,Sea,WH-C,140.2,10.85,482.16,925.57,39.93,1
SHP-0154,North,Rail,WH-C,88.3,8.47,272.63,703.34,10.0,1
SHP-0155,East,Rail,WH-D,92.49,9.61,960.7,752.83,48.87,1
SHP-0156,North,Rail,WH-D,109.98,7.96,257.01,821.58,19.62,1
SHP-0157,West,Road,WH-A,138.5,6.5,448.55,1384.56,10.0,1
SHP-0158,Central,Sea,WH-B,85.02,8.27,298.78,557.92,10.0,1
SHP-0159,North,Road,WH-C,109.33,6.89,647.94,1027.84,40.83,1
SHP-0160,East,Road,WH-A,66.54,8.35,420.28,897.61,30.5,1
SHP-0161,East,Road,WH-A,48.49,5.99,384.15,508.67,52.09,0
SHP-0162,North,Road,WH-A,69.55,6.03,742.14,834.16,43.19,1
SHP-0163,Central,Road,WH-D,152.03,7.91,499.76,1472.27,39.78,1
SHP-0164,North,Air,WH-C,110.26,3.97,631.43,2557.47,31.8,1
SHP-0165,East,Road,WH-C,50.46,4.77,307.65,625.72,21.38,1
SHP-0166,South,Rail,WH-B,112.43,9.47,251.06,935.85,38.82,1
SHP-0167,West,Road,WH-C,52.11,6.0,518.77,513.49,10.0,1
SHP-0168,East,Road,WH-C,99.7,6.61,422.82,1088.65,29.46,1
SHP-0169,North,Road,WH-A,56.5,4.7,665.6,514.78,68.64,1
SHP-0170,West,Road,WH-B,49.24,7.19,474.21,574.34,30.31,1
SHP-0171,North,Air,WH-C,162.99,5.7,543.72,3781.07,54.66,1
SHP-0172,North,Road,WH-D,73.56,5.49,226.05,869.33,10.0,1
SHP-0173,South,Rail,WH-C,109.42,9.62,1219.81,885.77,66.61,1
SHP-0174,West,Road,WH-A,86.51,5.79,455.39,838.28,25.55,1
SHP-0175,West,Rail,WH-D,53.87,6.57,688.72,526.56,10.0,1
SHP-0176,South,Sea,WH-A,76.91,9.51,329.86,519.03,10.0,1
SHP-0177,East,Air,WH-C,54.08,1.0,571.26,998.86,14.97,1
SHP-0178,North,Road,WH-D,213.16,9.18,263.65,2260.64,26.83,0
SHP-0179,Central,Road,WH-B,117.68,4.81,612.16,1202.4,46.75,1
SHP-0180,North,Road,WH-B,85.83,4.93,415.35,1012.37,27.71,1
SHP-0181,North,Rail,WH-D,106.95,6.04,499.7,705.3,39.85,1
SHP-0182,East,Road,WH-D,114.47,6.76,688.85,923.32,35.42,1
SHP-0183,North,Road,WH-A,114.6,6.69,272.7,1234.27,33.03,1
SHP-0184,South,Rail,WH-D,112.54,8.15,354.76,904.44,19.64,1
SHP-0185,South,Road,WH-A,108.91,5.56,613.71,982.63,34.62,1
SHP-0186,West,Air,WH-C,88.81,2.25,1349.04,1906.15,70.21,1
SHP-0187,Central,Road,WH-A,157.53,8.17,461.15,1891.51,35.63,0
SHP-0188,North,Road,WH-D,91.22,5.81,654.42,943.62,29.67,1
SHP-0189,North,Air,WH-D,86.89,3.93,468.09,2047.96,40.39,1
SHP-0190,East,Road,WH-C,91.55,5.43,1251.73,908.91,51.86,1
SHP-0191,South,Rail,WH-D,94.33,8.41,213.01,576.3,10.0,1
SHP-0192,Central,Road,WH-D,40.22,7.02,515.64,493.14,38.67,1
SHP-0193,West,Road,WH-B,58.49,6.53,225.82,649.25,11.09,1
SHP-0194,South,Air,WH-B,81.27,2.99,147.95,1805.74,10.0,1
SHP-0195,West,Air,WH-C,39.38,3.0,568.38,910.05,44.61,1
SHP-0196,East,Rail,WH-A,85.77,7.77,526.87,721.1,19.87,1
SHP-0197,East,Road,WH-B,93.8,6.5,429.78,994.54,20.63,0
SHP-0198,North,Rail,WH-A,47.57,6.98,468.26,321.14,46.74,1
SHP-0199,Central,Road,WH-D,64.56,5.77,2180.23,760.96,143.0,1
SHP-0200,West,Road,WH-B,142.63,7.61,435.32,1316.58,47.53,1
SHP-0201,South,Sea,WH-C,107.41,9.79,629.46,475.07,30.39,1
SHP-0202,East,Road,WH-C,104.84,5.52,360.79,1161.8,38.3,1
SHP-0203,North,Sea,WH-C,135.18,9.84,567.77,830.98,16.99,1
SHP-0204,North,Road,WH-B,58.98,4.02,439.5,627.51,10.57,1
SHP-0205,West,Road,WH-A,47.63,4.26,404.62,403.56,10.0,1
SHP-0206,East,Road,WH-D,127.44,7.28,1179.77,1277.96,89.98,0
SHP-0207,Central,Sea,WH-A,82.24,9.45,867.01,516.62,34.73,1
SHP-0208,East,Air,WH-A,58.31,3.64,526.18,1204.7,27.04,1
SHP-0209,West,Air,WH-D,190.95,5.48,163.04,4233.0,10.0,1
SHP-0210,West,Rail,WH-D,40.08,4.96,414.35,408.48,33.22,1
SHP-0211,East,Rail,WH-B,91.99,8.91,1803.44,886.79,93.55,1
SHP-0212,West,Sea,WH-B,78.23,11.34,441.1,518.43,10.0,1
SHP-0213,East,Road,WH-B,72.62,4.96,836.77,847.31,52.65,1
SHP-0214,South,Road,WH-B,29.55,5.82,984.5,213.14,32.64,1
SHP-0215,East,Road,WH-B,156.63,6.63,547.36,1666.74,17.54,1
SHP-0216,East,Sea,WH-D,43.9,9.9,328.96,303.46,10.0,1
SHP-0217,West,Sea,WH-A,75.62,8.91,153.09,528.29,10.0,1
SHP-0218,West,Road,WH-B,70.31,4.0,684.3,717.69,40.31,1
SHP-0219,North,Air,WH-B,108.77,3.52,333.26,2575.09,10.0,1
SHP-0220,North,Sea,WH-A,40.27,9.58,536.22,275.01,10.0,1
SHP-0221,South,Road,WH-B,103.3,6.2,270.45,1149.42,14.84,1
SHP-0222,North,Rail,WH-A,92.19,6.8,433.84,696.43,15.71,1
SHP-0223,East,Sea,WH-A,63.21,9.68,500.79,444.41,57.42,0
SHP-0224,West,Road,WH-D,101.76,6.94,560.55,1075.13,58.34,1
SHP-0225,North,Rail,WH-C,85.71,7.99,288.55,624.82,10.0,1
SHP-0226,North,Road,WH-D,172.75,8.12,875.26,1785.99,56.5,1
SHP-0227,South,Sea,WH-C,78.2,9.64,370.0,519.74,31.59,1
SHP-0228,South,Sea,WH-C,55.06,11.34,220.58,473.58,10.0,1
SHP-0229,East,Sea,WH-C,103.73,9.51,467.63,645.66,10.0,1
SHP-0230,West,Road,WH-B,74.08,6.69,500.95,896.03,27.37,1
SHP-0231,South,Sea,WH-D,84.97,11.89,532.23,679.5,26.68,1
SHP-0232,North,Sea,WH-C,47.8,10.41,947.5,307.98,45.58,1
SHP-0233,West,Road,WH-A,109.48,6.54,439.88,1235.89,30.83,1
SHP-0234,West,Sea,WH-B,69.02,9.63,465.25,377.25,14.33,1
SHP-0235,North,Road,WH-D,95.2,7.71,290.17,1095.99,10.0,1
SHP-0236,South,Rail,WH-C,191.63,8.31,730.6,1450.97,41.82,1
SHP-0237,North,Road,WH-A,76.28,5.06,538.33,643.72,35.4,1
SHP-0238,West,Road,WH-D,115.8,6.43,402.78,1224.17,10.0,1
SHP-0239,Central,Road,WH-D,78.54,7.64,197.5,841.4,24.78,1
SHP-0240,Central,Rail,WH-B,63.58,8.08,985.67,490.45,27.65,1
SHP-0241,East,Road,WH-D,144.78,6.29,273.34,1610.22,10.0,1
SHP-0242,North,Air,WH-B,35.2,2.28,370.99,756.53,16.53,1
SHP-0243,North,Road,WH-C,128.44,6.41,585.23,1262.93,22.64,1
SHP-0244,East,Road,WH-B,33.4,4.59,277.45,406.68,10.0,1
SHP-0245,East,Road,WH-A,122.81,8.14,240.6,1374.84,41.3,1
SHP-0246,East,Air,WH-B,85.53,1.96,177.77,1904.13,10.0,0
SHP-0247,West,Road,WH-A,55.13,7.64,696.51,766.24,74.93,1
SHP-0248,North,Rail,WH-B,71.02,8.73,379.29,666.55,27.42,0
SHP-0249,West,Sea,WH-D,113.15,12.29,2008.39,534.37,111.84,1
SHP-0250,East,Rail,WH-C,183.58,9.27,305.73,1312.5,23.96,1
SHP-0251,North,Road,WH-A,40.96,5.36,316.62,435.09,55.36,1
SHP-0252,West,Road,WH-B,56.59,4.17,375.63,655.78,10.0,1
SHP-0253,West,Sea,WH-B,45.97,9.22,553.75,136.67,13.65,1
SHP-0254,East,Road,WH-B,78.26,6.78,393.19,1094.89,10.3,1
SHP-0255,North,Sea,WH-D,124.22,12.73,661.11,835.84,36.84,1
SHP-0256,East,Road,WH-D,43.32,4.31,308.05,502.43,10.0,1
SHP-0257,North,Sea,WH-A,84.56,10.1,253.87,668.68,14.3,1
SHP-0258,Central,Air,WH-A,122.53,4.03,207.86,2979.24,36.84,1
SHP-0259,South,Sea,WH-D,70.58,8.67,169.47,551.94,11.59,1
SHP-0260,South,Road,WH-A,24.24,5.92,384.26,422.15,16.74,1
SHP-0261,South,Air,WH-C,92.55,2.83,426.46,2098.86,14.18,1
SHP-0262,East,Road,WH-C,140.18,7.1,363.91,1446.79,33.49,1
SHP-0263,Central,Road,WH-D,52.13,5.22,895.01,546.33,36.84,1
SHP-0264,North,Rail,WH-A,36.79,6.25,888.43,277.39,76.56,1
SHP-0265,West,Sea,WH-B,97.37,10.74,419.6,569.73,52.08,1
SHP-0266,North,Sea,WH-C,98.51,10.53,208.29,511.22,15.31,1
SHP-0267,West,Air,WH-D,68.48,2.81,375.4,1550.33,20.47,1
SHP-0268,North,Road,WH-A,62.81,5.09,369.48,536.76,35.78,1
SHP-0269,Central,Road,WH-D,86.26,6.72,359.45,957.63,36.19,1
SHP-0270,West,Air,WH-B,51.72,4.83,352.52,1221.67,10.0,1
SHP-0271,East,Road,WH-C,51.76,5.89,360.08,611.01,11.91,1
SHP-0272,North,Road,WH-D,112.83,7.98,409.3,1168.5,10.0,1
SHP-0273,North,Road,WH-D,50.21,4.11,363.2,827.84,26.11,1
SHP-0274,West,Road,WH-D,37.78,5.66,544.57,583.24,39.95,1
SHP-0275,East,Road,WH-B,62.76,4.67,585.8,568.21,11.97,1
SHP-0276,East,Road,WH-D,69.2,4.35,318.27,756.59,10.68,1
SHP-0277,Central,Road,WH-B,103.29,5.81,906.97,1031.1,29.67,1
SHP-0278,East,Road,WH-B,65.12,7.34,307.84,659.49,10.0,1
SHP-0279,East,Sea,WH-B,150.34,12.8,226.66,786.3,20.73,0
SHP-0280,East,Road,WH-C,88.18,6.67,591.57,996.6,21.53,1
SHP-0281,South,Road,WH-C,59.05,4.1,332.83,573.45,13.79,0
SHP-0282,Central,Rail,WH-D,101.45,8.1,574.91,892.32,10.0,1
SHP-0283,North,Road,WH-D,149.18,7.83,155.44,1647.67,11.35,1
SHP-0284,West,Sea,WH-C,111.53,11.21,961.39,827.29,52.21,0
SHP-0285,North,Air,WH-A,42.22,1.0,680.41,870.12,26.49,1
SHP-0286,Central,Road,WH-C,71.76,5.07,239.79,815.7,10.35,1
SHP-0287,West,Road,WH-B,94.57,6.43,242.3,1071.09,16.03,1
SHP-0288,Central,Sea,WH-C,109.57,11.59,1099.58,659.01,48.25,0
SHP-0289,East,Sea,WH-B,78.47,7.89,345.87,425.61,10.0,1
SHP-0290,West,Road,WH-D,73.82,5.94,330.16,953.15,45.24,1
SHP-0291,East,Rail,WH-A,172.19,9.76,166.05,1315.44,10.0,1
SHP-0292,North,Road,WH-D,112.22,7.8,416.39,1263.72,21.45,0
SHP-0293,North,Sea,WH-B,101.58,11.63,441.73,592.38,39.46,1
SHP-0294,West,Road,WH-B,66.3,6.66,694.67,640.06,91.14,1
SHP-0295,West,Sea,WH-B,51.4,9.01,251.75,342.17,10.0,1
SHP-0296,Central,Rail,WH-A,102.34,6.15,237.52,764.68,19.81,1
SHP-0297,Central,Rail,WH-C,117.41,8.16,611.83,814.32,23.04,1
SHP-0298,East,Road,WH-D,84.79,7.48,798.9,939.27,35.86,1
SHP-0299,West,Road,WH-D,112.35,8.42,231.79,1067.03,10.0,1
SHP-0300,North,Road,WH-C,113.57,7.66,828.09,1116.0,28.66,1
SHP-0301,Central,Road,WH-D,120.72,7.47,501.71,1341.66,26.97,1
SHP-0302,Central,Road,WH-A,41.91,5.99,832.19,560.34,23.65,1
SHP-0303,North,Air,WH-D,72.63,2.67,476.42,1610.65,40.41,1
SHP-0304,Central,Road,WH-B,104.94,6.54,146.83,1023.05,10.0,1
SHP-0305,East,Road,WH-C,86.84,8.28,458.09,881.64,31.53,1
SHP-0306,West,Sea,WH-A,113.72,9.96,819.64,657.47,38.09,0
SHP-0307,North,Sea,WH-C,101.56,12.68,320.86,743.33,12.14,1
SHP-0308,West,Sea,WH-A,30.44,9.18,409.03,385.73,26.81,1
SHP-0309,Central,Sea,WH-B,132.97,12.92,452.8,786.18,10.0,1
SHP-0310,Central,Road,WH-C,68.75,4.42,122.51,628.83,10.0,1
SHP-0311,North,Road,WH-D,57.56,6.51,1099.1,688.07,47.56,1
SHP-0312,East,Air,WH-A,131.07,3.51,319.69,2872.73,10.0,1
SHP-0313,South,Rail,WH-C,110.03,6.85,628.13,791.91,10.0,1
SHP-0314,North,Road,WH-D,138.92,7.55,472.66,1574.99,46.09,1
SHP-0315,South,Air,WH-C,95.01,4.87,901.14,2252.44,39.26,1
SHP-0316,South,Road,WH-C,72.23,5.13,598.79,792.75,50.38,1
SHP-0317,East,Road,WH-C,90.39,4.7,440.2,828.92,40.24,1
SHP-0318,South,Road,WH-A,53.18,5.65,320.89,625.96,10.0,1
SHP-0319,South,Rail,WH-D,45.47,7.22,722.68,521.11,23.42,1
SHP-0320,East,Rail,WH-B,64.17,8.29,200.49,532.47,49.43,1
SHP-0321,South,Road,WH-A,156.64,8.71,671.84,1766.54,63.22,1
SHP-0322,South,Sea,WH-A,66.99,10.14,290.75,600.26,15.52,1
SHP-0323,South,Road,WH-A,38.13,7.62,898.83,649.16,53.3,1
SHP-0324,North,Road,WH-B,79.42,6.49,532.42,898.7,19.82,1
SHP-0325,North,Sea,WH-D,66.6,9.8,671.28,528.99,43.41,1
SHP-0326,North,Sea,WH-D,134.0,9.56,512.53,902.35,17.43,1
SHP-0327,East,Sea,WH-D,151.8,11.43,212.48,929.12,10.0,1
SHP-0328,Central,Air,WH-C,70.81,2.89,325.98,1564.71,10.0,1
SHP-0329,South,Rail,WH-C,94.98,9.31,680.44,744.62,37.74,1
SHP-0330,South,Rail,WH-C,98.35,8.8,533.79,819.21,12.39,0
SHP-0331,East,Road,WH-B,83.23,4.94,868.59,763.45,46.76,1
SHP-0332,South,Road,WH-C,76.85,6.38,597.99,832.04,16.77,1
SHP-0333,North,Road,WH-B,55.91,6.58,309.82,748.24,10.0,1
SHP-0334,Central,Road,WH-D,35.56,7.2,336.26,270.18,31.29,0
SHP-0335,West,Air,WH-C,55.77,4.02,517.7,1437.47,32.19,1
SHP-0336,South,Road,WH-C,81.98,7.15,162.27,1008.49,10.0,1
SHP-0337,North,Road,WH-A,43.35,5.65,1100.21,472.14,73.7,1
SHP-0338,West,Road,WH-B,92.88,6.92,609.13,1055.76,40.71,1
SHP-0339,Central,Rail,WH-D,87.58,9.51,888.0,740.77,70.54,1
SHP-0340,West,Road,WH-A,66.65,4.47,230.74,824.31,10.0,1
SHP-0341,North,Sea,WH-A,75.45,9.96,895.51,607.2,42.81,1
SHP-0342,West,Road,WH-D,46.67,4.75,1438.16,402.86,59.58,1
SHP-0343,East,Road,WH-A,119.8,7.39,261.38,1324.05,10.0,1
SHP-0344,West,Rail,WH-B,118.94,10.06,713.56,935.59,53.72,1
SHP-0345,South,Sea,WH-B,50.23,9.22,493.01,399.39,46.62,1
SHP-0346,South,Road,WH-C,50.85,2.97,234.79,470.97,27.32,1
SHP-0347,East,Rail,WH-A,56.09,7.04,624.27,648.54,10.0,1
SHP-0348,North,Rail,WH-C,107.14,9.48,735.19,960.65,56.68,1
SHP-0349,South,Road,WH-A,98.22,7.19,369.24,995.89,10.0,1
SHP-0350,Central,Sea,WH-B,130.44,11.84,862.33,679.98,60.9,1
SHP-0351,South,Air,WH-B,136.7,4.14,221.4,3047.27,10.0,1
SHP-0352,South,Rail,WH-B,41.64,5.78,240.45,413.76,23.76,1
SHP-0353,North,Sea,WH-A,105.53,11.49,526.14,703.34,10.0,1
SHP-0354,West,Sea,WH-B,134.36,10.46,498.79,905.67,45.0,1
SHP-0355,South,Air,WH-A,73.38,5.83,349.34,1790.5,10.0,1
SHP-0356,East,Sea,WH-C,84.14,11.17,726.77,666.95,29.95,1
SHP-0357,West,Rail,WH-A,78.77,7.25,635.77,671.95,20.0,1
SHP-0358,Central,Rail,WH-C,80.27,7.24,743.9,527.09,14.6,1
SHP-0359,North,Rail,WH-A,119.63,8.55,464.47,913.81,26.96,0
SHP-0360,Central,Air,WH-C,169.4,4.77,658.02,3908.12,63.28,1
SHP-0361,West,Road,WH-B,148.07,8.75,397.86,1559.52,61.89,1
SHP-0362,West,Sea,WH-C,68.0,10.44,1320.59,539.15,74.09,0
SHP-0363,West,Sea,WH-B,95.1,9.87,333.61,576.95,35.1,1
SHP-0364,Central,Road,WH-B,59.73,8.05,1353.63,619.65,77.93,1
SHP-0365,West,Sea,WH-C,62.38,10.18,501.07,452.85,35.04,0
SHP-0366,Central,Road,WH-A,82.56,7.17,254.62,941.19,10.0,1
SHP-0367,West,Road,WH-A,61.66,5.21,950.21,620.5,55.19,1
SHP-0368,East,Air,WH-D,65.64,3.6,523.45,1487.71,36.85,1
SHP-0369,West,Road,WH-A,94.14,6.85,741.4,933.17,32.1,1
SHP-0370,Central,Air,WH-D,104.9,1.72,886.65,2439.37,47.6,1
SHP-0371,South,Sea,WH-A,103.71,13.18,579.53,677.53,31.0,1
SHP-0372,West,Road,WH-A,104.15,8.16,370.82,1267.04,32.79,1
SHP-0373,South,Road,WH-B,48.1,5.21,787.09,688.27,27.3,1
SHP-0374,East,Road,WH-D,60.31,4.62,492.93,648.73,26.34,1
SHP-0375,North,Rail,WH-A,86.4,8.45,684.86,623.05,66.35,0
SHP-0376,East,Sea,WH-D,131.73,11.47,175.25,611.55,27.1,1
SHP-0377,West,Rail,WH-B,209.7,10.68,610.67,1422.84,53.82,1
SHP-0378,South,Road,WH-B,96.73,6.76,362.66,916.96,20.31,1
SHP-0379,South,Rail,WH-D,114.76,9.15,1089.62,1034.65,64.74,1
SHP-0380,Central,Road,WH-B,45.78,7.29,664.53,576.57,51.58,1
SHP-0381,South,Air,WH-C,113.45,4.7,552.87,2615.46,53.81,1
SHP-0382,Central,Road,WH-C,184.61,6.92,622.3,1678.48,10.0,1
SHP-0383,North,Air,WH-B,60.21,4.65,305.13,1300.53,10.0,1
SHP-0384,West,Road,WH-C,66.57,7.88,1074.02,854.14,78.71,1
SHP-0385,Central,Sea,WH-A,121.22,14.81,1281.59,837.84,66.33,1
SHP-0386,North,Road,WH-D,85.94,5.05,595.02,894.14,22.65,1
SHP-0387,South,Rail,WH-A,34.27,7.4,1057.22,406.7,39.33,1
SHP-0388,South,Sea,WH-D,68.3,7.84,374.96,595.61,12.3,1
SHP-0389,North,Road,WH-B,151.53,8.16,336.09,1566.58,10.0,0
SHP-0390,South,Sea,WH-A,75.21,9.72,502.52,519.71,59.01,1
SHP-0391,North,Rail,WH-B,75.18,10.07,607.15,687.2,33.06,1
SHP-0392,Central,Road,WH-B,117.95,6.03,407.84,1444.39,21.56,1
SHP-0393,Central,Road,WH-D,98.2,4.63,637.87,827.22,43.9,1
SHP-0394,North,Air,WH-D,73.47,2.78,570.82,1727.96,45.83,1
SHP-0395,Central,Road,WH-D,64.68,3.69,305.15,670.58,30.97,1
SHP-0396,Central,Rail,WH-A,253.92,11.93,632.08,1916.28,50.87,1
SHP-0397,Central,Road,WH-C,140.66,4.96,745.83,1366.31,31.56,1
SHP-0398,East,Rail,WH-D,104.13,8.41,535.02,823.8,24.96,1
SHP-0399,West,Road,WH-D,106.96,4.34,856.86,1158.17,58.66,1
SHP-0400,South,Sea,WH-A,80.48,10.08,274.69,823.79,10.0,1
SHP-0401,East,Sea,WH-D,97.7,12.65,616.84,740.06,33.85,1
SHP-0402,Central,Sea,WH-A,76.87,10.8,280.97,463.96,21.44,1
SHP-0403,North,Air,WH-B,57.87,2.05,288.66,1271.77,27.65,1
SHP-0404,Central,Road,WH-D,99.33,6.55,364.0,1020.75,10.0,1
SHP-0405,West,Air,WH-D,74.06,3.35,313.5,1528.08,27.96,1
SHP-0406,Central,Road,WH-B,101.52,7.17,378.78,1063.79,17.33,1
SHP-0407,North,Road,WH-B,109.58,5.2,444.61,1200.57,35.07,1
SHP-0408,West,Road,WH-B,103.78,7.35,736.44,1003.55,52.16,1
SHP-0409,Central,Road,WH-D,55.85,2.7,422.35,673.47,47.35,1
SHP-0410,West,Air,WH-C,70.69,2.55,230.19,1644.86,32.96,1
SHP-0411,South,Rail,WH-C,74.67,7.28,851.7,550.37,67.04,1
SHP-0412,South,Road,WH-C,126.87,7.81,329.7,1333.15,39.79,1
SHP-0413,Central,Road,WH-D,124.06,7.06,479.05,1449.49,30.72,0
SHP-0414,West,Sea,WH-B,61.83,8.5,610.54,497.21,34.06,1
SHP-0415,North,Road,WH-D,47.61,4.52,542.3,534.54,42.92,1
SHP-0416,Central,Road,WH-B,214.16,8.88,833.14,2173.07,56.8,1
SHP-0417,South,Road,WH-D,102.06,6.55,620.13,1094.29,29.47,1
SHP-0418,South,Air,WH-D,44.92,2.14,325.89,980.66,24.0,1
SHP-0419,Central,Rail,WH-B,66.1,7.14,1402.08,368.71,76.59,1
SHP-0420,West,Road,WH-C,129.14,7.93,540.92,1553.23,16.94,0
SHP-0421,South,Road,WH-B,190.88,7.64,459.1,1964.86,44.61,0
SHP-0422,West,Rail,WH-A,176.89,9.58,782.65,1358.08,43.87,1
SHP-0423,South,Rail,WH-A,100.25,10.8,555.43,840.78,61.28,1
SHP-0424,South,Road,WH-B,85.12,4.69,596.83,827.03,10.0,1
SHP-0425,East,Sea,WH-D,53.57,7.83,1629.86,365.38,81.29,1
SHP-0426,South,Road,WH-A,88.19,7.29,431.79,825.08,24.24,0
SHP-0427,North,Road,WH-A,56.68,5.04,423.04,834.1,40.33,1
SHP-0428,Central,Sea,WH-D,70.98,9.91,521.11,386.73,34.65,1
SHP-0429,Central,Road,WH-D,121.17,6.08,824.13,1167.72,49.98,1
SHP-0430,West,Rail,WH-C,76.71,7.58,239.1,595.44,10.0,1
SHP-0431,South,Road,WH-D,74.52,7.98,191.82,967.49,10.0,0
SHP-0432,North,Road,WH-B,83.17,7.22,371.74,921.38,25.28,1
SHP-0433,West,Sea,WH-B,228.38,14.1,224.91,1170.32,10.0,1
SHP-0434,East,Road,WH-C,51.11,4.09,401.85,672.11,14.12,1
SHP-0435,West,Sea,WH-A,95.79,9.4,627.16,666.06,42.01,1
SHP-0436,West,Road,WH-A,169.95,4.59,321.32,1745.67,10.0,1
SHP-0437,South,Road,WH-D,83.07,5.36,248.42,950.09,37.74,1
SHP-0438,East,Road,WH-B,139.54,8.41,509.42,1692.52,46.38,1
SHP-0439,West,Rail,WH-A,46.22,7.93,745.47,639.77,17.43,0
SHP-0440,North,Road,WH-C,77.79,5.95,218.42,784.18,10.0,1
SHP-0441,North,Sea,WH-C,59.28,10.04,730.49,593.64,10.0,1
SHP-0442,Central,Road,WH-B,82.69,5.5,729.46,918.97,28.38,1
SHP-0443,East,Sea,WH-C,83.44,10.74,778.96,613.66,54.34,1
SHP-0444,East,Road,WH-C,87.15,7.25,884.37,806.13,42.43,1
SHP-0445,Central,Sea,WH-B,120.69,9.31,1417.95,695.43,84.9,0
SHP-0446,West,Air,WH-D,29.03,2.87,415.33,617.12,10.0,1
SHP-0447,East,Air,WH-D,64.84,4.24,519.36,1577.4,40.53,1
SHP-0448,North,Sea,WH-C,93.03,10.2,403.47,698.6,13.86,1
SHP-0449,North,Air,WH-D,35.02,3.44,493.22,645.62,27.31,1
SHP-0450,South,Rail,WH-D,110.15,11.72,1028.42,924.95,55.17,1
SHP-0451,East,Road,WH-C,64.32,5.84,258.37,817.08,10.0,1
SHP-0452,West,Road,WH-D,78.42,6.66,325.93,848.16,10.0,0
SHP-0453,Central,Sea,WH-C,123.02,10.37,954.37,805.81,67.01,0
SHP-0454,Central,Rail,WH-A,142.27,9.27,804.01,1123.21,50.21,1
SHP-0455,West,Air,WH-B,111.58,4.54,413.93,2567.09,38.52,1
SHP-0456,South,Road,WH-B,50.48,5.93,742.57,561.97,45.71,1
SHP-0457,Central,Road,WH-D,109.22,5.59,580.44,1028.8,34.07,1
SHP-0458,East,Road,WH-D,112.33,7.06,1012.45,1093.3,29.79,1
SHP-0459,South,Rail,WH-D,103.09,10.04,510.69,914.58,24.03,1
SHP-0460,East,Road,WH-B,152.21,8.06,806.18,1592.79,43.93,1
SHP-0461,North,Road,WH-A,88.12,7.49,1751.39,959.56,125.62,1
SHP-0462,South,Road,WH-A,149.68,7.22,656.61,1513.76,46.42,1
SHP-0463,Central,Road,WH-B,149.28,8.35,504.56,1541.01,50.79,1
SHP-0464,South,Rail,WH-A,113.68,8.87,696.99,992.73,47.3,0
SHP-0465,South,Road,WH-B,96.43,5.44,413.5,983.9,12.07,1
SHP-0466,South,Air,WH-A,103.34,4.23,1550.33,2228.82,87.03,1
SHP-0467,South,Road,WH-C,166.4,6.65,537.23,1767.55,33.09,1
SHP-0468,East,Road,WH-C,131.66,6.44,432.24,1348.31,10.0,1
SHP-0469,North,Road,WH-B,53.1,5.97,329.93,614.8,12.38,1
SHP-0470,West,Road,WH-A,100.59,6.95,834.36,1225.45,42.8,1
SHP-0471,South,Road,WH-D,57.97,4.48,747.14,629.41,65.18,1
SHP-0472,Central,Road,WH-A,63.5,7.16,388.1,758.08,10.0,1
SHP-0473,South,Rail,WH-C,72.19,8.46,649.82,515.39,53.83,1
SHP-0474,Central,Road,WH-C,44.3,4.79,238.86,487.27,10.0,0
SHP-0475,East,Rail,WH-A,56.35,5.75,538.5,524.54,10.0,1
SHP-0476,Central,Sea,WH-A,155.82,11.64,612.36,770.68,51.38,0
SHP-0477,West,Air,WH-D,63.33,2.63,1118.25,1458.69,72.48,0
SHP-0478,North,Road,WH-D,120.98,7.11,340.36,1286.34,37.54,1
SHP-0479,Central,Road,WH-A,91.49,6.03,266.77,981.42,26.68,1
SHP-0480,Central,Road,WH-A,107.22,4.42,320.6,1191.52,48.53,1
SHP-0481,North,Road,WH-A,109.15,6.32,259.42,1180.78,22.65,1
SHP-0482,West,Sea,WH-A,55.27,9.64,935.98,555.34,49.13,1
SHP-0483,South,Road,WH-B,120.68,7.7,1036.23,1195.65,62.14,1
SHP-0484,Central,Road,WH-A,48.22,4.86,574.62,557.87,50.26,1
SHP-0485,North,Rail,WH-D,62.2,9.55,885.56,583.81,37.02,1
SHP-0486,East,Air,WH-C,108.48,1.75,525.47,2321.95,19.12,1
SHP-0487,North,Rail,WH-B,53.71,8.97,470.76,596.73,21.26,1
SHP-0488,East,Road,WH-A,33.53,5.15,419.95,620.38,10.0,1
SHP-0489,West,Road,WH-C,98.59,7.56,424.54,1071.25,25.42,1
SHP-0490,South,Road,WH-B,40.95,5.63,234.41,535.75,10.0,1
SHP-0491,North,Road,WH-C,112.82,8.14,559.39,1225.97,31.56,1
SHP-0492,Central,Road,WH-A,74.44,5.69,483.3,745.46,39.56,1
SHP-0493,West,Road,WH-A,98.0,5.3,704.7,862.51,31.61,1
SHP-0494,North,Road,WH-D,97.23,8.18,515.37,1007.44,53.5,1
SHP-0495,Central,Road,WH-A,116.38,6.76,455.73,1102.13,10.0,0
SHP-0496,North,Road,WH-A,109.83,7.03,324.35,1323.32,35.71,1
SHP-0497,East,Rail,WH-B,53.5,8.88,510.11,497.31,38.18,1
SHP-0498,North,Rail,WH-D,76.38,6.69,702.3,585.75,12.89,1
SHP-0499,North,Air,WH-B,97.95,4.45,284.63,2314.94,56.32,1
SHP-0500,North,Road,WH-C,150.84,6.84,513.88,1455.11,27.31,1
SHP-0501,West,Road,WH-A,110.26,6.63,551.07,1097.81,17.15,1
SHP-0502,North,Road,WH-C,145.19,7.5,349.09,1520.38,10.0,1
SHP-0503,Central,Rail,WH-B,100.13,6.58,371.6,861.81,17.14,1
SHP-0504,East,Air,WH-A,132.65,3.49,550.43,3026.32,28.36,1
SHP-0505,East,Road,WH-A,94.54,8.06,285.99,1065.46,17.27,1
SHP-0506,North,Sea,WH-B,130.33,12.36,582.87,816.06,27.59,1
SHP-0507,West,Road,WH-B,72.81,6.04,320.61,836.46,27.13,1
SHP-0508,West,Road,WH-B,158.36,7.93,820.71,1665.28,39.32,1
SHP-0509,Central,Air,WH-B,104.91,3.55,1513.47,2279.14,54.22,1
SHP-0510,North,Sea,WH-B,44.44,11.36,325.98,408.61,15.69,1
SHP-0511,East,Air,WH-A,99.34,3.56,636.78,2152.79,10.0,1
SHP-0512,West,Air,WH-B,110.41,4.25,347.64,2512.89,24.43,1
SHP-0513,North,Road,WH-A,122.45,8.32,812.13,1269.85,29.98,1
SHP-0514,West,Air,WH-A,182.15,4.38,268.45,4314.77,17.22,1
SHP-0515,West,Road,WH-B,67.91,7.81,620.6,782.23,53.84,1
SHP-0516,East,Sea,WH-B,182.69,10.53,324.07,885.23,10.0,1
SHP-0517,South,Road,WH-D,85.14,8.21,446.15,944.43,40.46,1
SHP-0518,Central,Air,WH-A,60.89,2.67,300.4,1434.41,10.02,1
SHP-0519,Central,Road,WH-B,68.54,5.75,731.23,905.36,66.52,1
SHP-0520,East,Rail,WH-B,107.64,6.26,329.72,759.37,12.66,1
SHP-0521,West,Road,WH-B,57.1,5.3,642.23,495.47,22.72,1
SHP-0522,North,Air,WH-D,73.35,2.12,417.73,1725.41,33.28,1
SHP-0523,West,Road,WH-D,98.29,5.87,466.4,915.21,19.12,1
SHP-0524,East,Road,WH-C,157.82,7.48,528.97,1594.75,16.47,1
SHP-0525,Central,Road,WH-A,120.96,8.08,341.83,1271.31,11.63,1
SHP-0526,West,Road,WH-C,86.61,6.6,545.1,935.29,29.31,1
SHP-0527,Central,Sea,WH-B,107.43,11.29,1027.17,748.65,76.63,1
SHP-0528,North,Road,WH-D,94.22,5.24,339.17,927.82,10.0,1
SHP-0529,Central,Sea,WH-D,50.16,8.89,864.77,361.1,47.91,0
SHP-0530,Central,Road,WH-C,169.76,9.92,1011.4,1790.05,65.0,1
SHP-0531,South,Road,WH-D,158.91,6.81,333.03,1645.82,21.22,1
SHP-0532,South,Air,WH-B,82.32,5.39,245.08,1916.7,33.13,1
SHP-0533,South,Rail,WH-D,69.6,7.47,569.6,626.15,30.21,1
SHP-0534,Central,Road,WH-C,50.66,5.71,378.89,660.04,18.07,1
SHP-0535,East,Rail,WH-B,110.29,9.72,1208.25,927.08,75.34,1
SHP-0536,Central,Air,WH-C,110.59,5.45,501.05,2571.96,29.05,1
SHP-0537,East,Road,WH-D,59.16,5.74,335.27,522.89,12.58,1
SHP-0538,East,Sea,WH-C,94.69,10.26,284.11,615.28,23.37,1
SHP-0539,South,Sea,WH-C,119.36,11.08,831.44,779.79,35.94,0
SHP-0540,West,Rail,WH-A,67.58,8.11,374.59,650.77,11.43,1
SHP-0541,North,Road,WH-D,78.01,7.23,503.23,808.91,19.76,1
SHP-0542,South,Rail,WH-D,77.69,7.9,779.6,587.91,63.17,1
SHP-0543,South,Road,WH-C,60.78,6.61,390.55,644.62,10.0,1
SHP-0544,West,Road,WH-A,78.69,8.1,482.0,941.65,32.44,0
SHP-0545,North,Road,WH-D,41.28,5.98,488.85,592.84,27.4,1
SHP-0546,Central,Road,WH-B,75.98,6.53,684.03,802.56,12.41,1
SHP-0547,Central,Sea,WH-C,76.47,8.63,654.29,581.18,40.63,1
SHP-0548,South,Air,WH-D,82.75,1.0,443.34,1849.69,31.52,1
SHP-0549,North,Air,WH-B,104.03,4.32,508.04,2355.24,36.79,1
SHP-0550,South,Road,WH-D,48.91,5.57,412.22,545.89,10.0,1
SHP-0551,East,Road,WH-B,52.86,5.16,242.44,662.22,33.83,1
SHP-0552,South,Road,WH-C,60.12,6.16,557.6,711.33,19.6,1
SHP-0553,South,Sea,WH-D,46.75,9.77,1222.01,591.08,77.51,1
SHP-0554,Central,Road,WH-D,109.06,8.06,322.41,1104.41,28.85,1
SHP-0555,Central,Sea,WH-A,66.33,10.29,340.0,530.37,10.0,1
SHP-0556,Central,Rail,WH-C,83.85,7.15,324.42,626.11,27.75,1
SHP-0557,East,Road,WH-B,57.95,6.98,697.71,597.92,32.59,1
SHP-0558,Central,Air,WH-D,72.55,3.06,611.11,1650.07,10.0,1
SHP-0559,North,Road,WH-D,96.62,7.14,456.64,1058.82,42.63,1
SHP-0560,West,Sea,WH-B,98.6,10.23,317.14,890.4,10.0,1
SHP-0561,North,Sea,WH-C,53.83,9.22,515.09,391.64,15.51,0
SHP-0562,North,Road,WH-A,82.08,6.37,232.52,792.75,10.0,1
SHP-0563,Central,Road,WH-A,58.37,5.87,527.87,684.63,33.12,1
SHP-0564,West,Rail,WH-D,80.79,8.51,748.7,491.53,40.32,1
SHP-0565,West,Sea,WH-B,63.99,9.84,270.27,456.84,23.09,1
SHP-0566,West,Road,WH-D,174.49,5.83,236.13,1764.04,10.0,1
SHP-0567,East,Rail,WH-B,119.07,8.15,1051.67,992.07,46.71,1
SHP-0568,Central,Rail,WH-A,100.42,9.22,367.36,906.32,18.47,1
SHP-0569,West,Air,WH-C,75.21,3.01,850.02,1663.57,75.22,1
SHP-0570,East,Road,WH-B,120.54,6.69,457.64,1251.89,23.46,1
SHP-0571,South,Air,WH-A,83.09,4.63,455.89,1842.39,41.35,1
SHP-0572,South,Sea,WH-D,166.65,11.18,608.16,849.67,34.03,1
SHP-0573,East,Road,WH-B,125.67,5.29,322.36,1316.95,10.48,1
SHP-0574,East,Road,WH-C,72.32,5.92,525.11,678.96,25.18,1
SHP-0575,Central,Sea,WH-D,158.33,11.29,410.3,878.43,20.04,1
SHP-0576,Central,Road,WH-D,75.38,5.05,261.43,717.33,23.43,1
SHP-0577,South,Sea,WH-A,178.97,12.02,579.4,1071.2,52.49,1
SHP-0578,West,Road,WH-B,162.01,8.28,434.25,1850.27,29.28,1
SHP-0579,South,Road,WH-D,96.39,6.52,456.97,916.05,42.94,0
SHP-0580,West,Sea,WH-C,41.94,10.11,275.65,203.89,10.0,1
SHP-0581,West,Road,WH-B,93.25,8.56,1057.72,1028.79,51.96,1
SHP-0582,Central,Road,WH-C,51.48,5.33,750.56,586.41,30.42,1
SHP-0583,North,Road,WH-D,64.81,6.29,782.74,748.52,47.77,1
SHP-0584,North,Rail,WH-C,66.88,7.12,425.55,522.71,18.02,1
SHP-0585,East,Road,WH-A,51.29,4.75,214.86,554.68,22.76,1
SHP-0586,Central,Road,WH-C,93.4,5.81,1258.15,1024.92,55.23,1
SHP-0587,West,Sea,WH-B,61.59,9.56,478.51,542.86,26.96,1
SHP-0588,North,Road,WH-C,76.84,6.6,343.98,672.81,29.22,1
SHP-0589,West,Rail,WH-C,67.13,10.41,601.88,590.49,10.0,1
SHP-0590,North,Road,WH-A,104.22,5.85,862.83,1114.68,79.28,1
SHP-0591,North,Air,WH-C,101.04,3.34,487.33,2200.31,22.56,1
SHP-0592,North,Road,WH-C,74.25,6.06,910.25,970.32,19.69,1
SHP-0593,Central,Sea,WH-D,106.42,11.37,828.68,626.36,47.95,1
SHP-0594,South,Road,WH-D,139.82,7.62,293.93,1461.77,16.67,1
SHP-0595,West,Road,WH-B,31.48,6.84,356.59,472.31,18.38,1
SHP-0596,Central,Road,WH-D,65.51,3.19,780.25,626.48,57.78,1
SHP-0597,Central,Road,WH-D,55.58,3.06,134.01,416.86,18.58,0
SHP-0598,Central,Road,WH-D,63.04,5.36,458.64,656.89,29.69,1
SHP-0599,Central,Road,WH-D,29.16,6.59,247.94,488.21,20.39,1
SHP-0600,Central,Sea,WH-A,30.95,7.76,392.0,248.57,19.99,1
SHP-0601,East,Road,WH-D,22.57,1.75,426.91,169.68,50.11,1
SHP-0602,West,Road,WH-A,68.1,6.68,414.9,850.51,10.0,1
SHP-0603,Central,Rail,WH-A,67.28,7.99,378.01,551.38,22.89,1
SHP-0604,West,Air,WH-D,148.45,3.42,291.01,3281.51,16.98,1
SHP-0605,East,Road,WH-C,90.31,5.29,1480.47,966.66,93.63,1
SHP-0606,East,Road,WH-A,30.8,4.24,1207.59,438.23,53.76,0
SHP-0607,West,Road,WH-C,105.27,6.82,282.08,1337.19,10.0,1
SHP-0608,North,Air,WH-C,341.52,7.43,1053.02,7721.54,60.27,0
SHP-0609,South,Rail,WH-D,31.53,7.64,406.77,446.77,26.59,1
SHP-0610,North,Road,WH-B,167.89,4.54,524.27,1631.15,51.18,1
SHP-0611,North,Sea,WH-D,83.34,9.51,478.01,453.97,10.0,1
SHP-0612,North,Air,WH-B,70.47,1.97,359.0,1591.42,37.07,1
SHP-0613,Central,Rail,WH-B,65.95,7.39,790.17,571.39,78.97,1
SHP-0614,East,Sea,WH-D,97.77,10.14,523.44,525.44,23.12,1
SHP-0615,North,Road,WH-D,70.72,6.99,392.0,781.93,10.0,1
SHP-0616,East,Road,WH-B,50.67,3.57,263.43,581.63,10.0,1
SHP-0617,West,Road,WH-D,67.0,6.06,320.88,777.98,17.86,1
SHP-0618,South,Road,WH-B,98.96,7.22,224.11,1115.49,20.78,1
SHP-0619,West,Road,WH-C,113.11,8.97,495.65,1262.23,18.39,1
SHP-0620,West,Sea,WH-D,175.49,11.6,277.44,952.96,38.59,1
SHP-0621,Central,Road,WH-C,88.66,6.77,433.78,917.87,10.0,1
SHP-0622,South,Road,WH-A,143.4,5.31,951.13,1349.91,26.22,1
SHP-0623,West,Road,WH-C,78.07,3.45,876.26,964.49,64.8,1
SHP-0624,West,Sea,WH-C,82.67,11.46,485.17,579.48,10.0,1
SHP-0625,South,Road,WH-B,80.81,6.25,472.58,859.93,22.93,1
SHP-0626,South,Road,WH-C,93.17,7.83,1214.81,942.5,113.58,1
SHP-0627,West,Road,WH-D,121.68,5.41,632.68,1517.58,34.62,1
SHP-0628,South,Road,WH-B,69.48,6.65,421.01,683.1,10.0,1
SHP-0629,West,Sea,WH-A,56.84,12.17,248.52,436.29,12.81,1
SHP-0630,West,Sea,WH-D,125.86,11.75,595.3,815.26,31.98,1
SHP-0631,Central,Road,WH-A,122.01,7.31,733.68,1344.79,42.76,1
SHP-0632,North,Sea,WH-C,153.17,11.77,363.87,987.26,29.95,1
SHP-0633,West,Rail,WH-D,64.93,5.86,566.67,690.22,15.58,1
SHP-0634,East,Sea,WH-D,76.88,11.94,413.84,606.47,48.07,1
SHP-0635,North,Road,WH-A,127.9,6.4,451.09,1235.19,28.49,1
SHP-0636,North,Road,WH-D,69.13,6.62,149.28,752.87,19.11,1
SHP-0637,North,Road,WH-D,111.08,5.0,442.99,1173.0,14.94,0
SHP-0638,Central,Rail,WH-D,78.22,6.55,784.7,812.47,62.45,1
SHP-0639,West,Road,WH-C,97.55,8.21,363.92,948.61,16.16,1
SHP-0640,Central,Road,WH-A,50.24,5.3,505.33,681.01,31.96,1
SHP-0641,West,Road,WH-D,88.17,8.06,342.8,998.9,10.0,1
SHP-0642,Central,Air,WH-B,20.04,2.27,585.82,557.15,17.27,1
SHP-0643,Central,Road,WH-B,138.61,5.18,444.11,1400.8,34.75,1
SHP-0644,East,Rail,WH-B,117.34,9.64,313.93,860.4,10.61,1
SHP-0645,Central,Sea,WH-B,55.26,9.32,934.14,483.93,38.57,1
SHP-0646,South,Road,WH-C,169.26,8.65,769.61,1822.61,32.68,1
SHP-0647,East,Rail,WH-D,134.94,8.96,368.58,1125.85,30.76,1
SHP-0648,Central,Road,WH-A,51.25,3.95,625.74,556.77,24.98,1
SHP-0649,North,Sea,WH-D,67.19,10.4,637.76,435.56,33.31,1
SHP-0650,South,Road,WH-C,52.49,8.27,670.69,507.26,37.11,1
SHP-0651,South,Rail,WH-B,98.71,8.84,218.49,874.56,10.0,1
SHP-0652,South,Sea,WH-C,65.94,10.12,798.85,517.03,21.87,1
SHP-0653,East,Sea,WH-D,34.4,10.86,374.86,263.26,25.66,1
SHP-0654,Central,Rail,WH-A,82.51,8.23,414.99,635.91,11.77,0
SHP-0655,Central,Road,WH-C,123.72,7.27,1747.92,1264.12,111.99,1
SHP-0656,North,Rail,WH-A,88.95,6.85,569.58,567.95,45.83,0
SHP-0657,North,Sea,WH-C,106.79,11.19,409.35,608.42,33.3,1
SHP-0658,South,Rail,WH-A,92.58,9.36,170.96,668.18,36.7,1
SHP-0659,North,Road,WH-A,115.26,5.91,960.15,1164.3,51.56,1
SHP-0660,East,Sea,WH-B,96.12,12.37,258.35,588.67,23.94,1
SHP-0661,Central,Rail,WH-A,80.58,7.84,304.4,518.56,10.0,1
SHP-0662,South,Rail,WH-B,88.48,7.07,420.29,884.47,59.9,1
SHP-0663,North,Road,WH-D,155.65,8.75,972.51,1748.9,83.24,0
SHP-0664,East,Rail,WH-D,109.37,8.14,714.19,787.29,39.46,1
SHP-0665,East,Road,WH-B,55.18,6.67,456.8,668.72,30.92,1
SHP-0666,North,Rail,WH-B,87.88,7.75,571.34,748.25,51.81,1
SHP-0667,Central,Road,WH-C,97.96,6.49,369.38,1154.72,18.11,1
SHP-0668,North,Rail,WH-C,79.44,8.5,526.91,595.63,19.13,1
SHP-0669,South,Sea,WH-C,34.47,9.96,510.4,432.61,41.18,1
SHP-0670,North,Road,WH-D,57.62,3.54,784.47,561.85,44.32,1
SHP-0671,East,Sea,WH-C,70.81,8.99,783.87,360.13,45.86,1
SHP-0672,North,Road,WH-A,177.94,9.07,624.6,1918.85,21.84,1
SHP-0673,Central,Sea,WH-A,104.31,10.73,414.09,778.64,10.0,1
SHP-0674,West,Air,WH-C,41.3,2.14,703.5,1180.13,42.23,1
SHP-0675,North,Rail,WH-A,81.61,6.41,471.47,537.82,39.51,1
SHP-0676,Central,Air,WH-D,145.02,3.37,293.15,3313.99,12.74,1
SHP-0677,Central,Sea,WH-A,65.54,7.85,406.03,399.41,43.88,1
SHP-0678,East,Road,WH-D,129.99,7.02,513.15,1431.8,17.66,1
SHP-0679,Central,Road,WH-B,41.88,4.87,762.73,353.1,26.13,1
SHP-0680,Central,Rail,WH-B,21.65,5.78,451.2,131.06,23.81,1
SHP-0681,Central,Air,WH-B,138.31,4.41,275.77,3052.37,13.93,1
SHP-0682,Central,Air,WH-B,69.24,3.66,506.35,1596.29,39.4,1
SHP-0683,South,Air,WH-A,35.14,5.04,520.33,806.14,16.99,1
SHP-0684,South,Road,WH-C,71.61,4.35,538.72,817.93,50.15,1
SHP-0685,East,Air,WH-A,92.22,4.99,766.27,2211.06,71.65,1
SHP-0686,North,Road,WH-D,102.75,7.77,803.59,1169.88,43.61,1
SHP-0687,Central,Road,WH-A,25.69,4.37,370.47,468.36,39.12,1
SHP-0688,North,Road,WH-A,63.32,6.17,366.59,750.1,10.0,1
SHP-0689,North,Road,WH-D,87.19,5.84,299.08,823.94,32.58,1
SHP-0690,East,Road,WH-B,102.65,6.86,689.13,1221.35,53.61,1
SHP-0691,Central,Road,WH-B,54.9,7.52,987.75,602.48,67.28,1
SHP-0692,Central,Rail,WH-B,77.66,8.59,423.59,741.44,23.06,1
SHP-0693,West,Road,WH-C,65.45,6.56,438.83,881.52,10.0,1
SHP-0694,North,Road,WH-D,93.54,5.99,996.31,1037.57,45.17,1
SHP-0695,North,Road,WH-D,136.16,5.54,628.08,1258.63,25.16,1
SHP-0696,South,Road,WH-A,73.31,5.88,607.52,719.65,18.74,1
SHP-0697,West,Road,WH-C,45.05,7.0,278.21,672.97,17.13,1
SHP-0698,South,Road,WH-B,61.84,4.16,682.52,647.05,31.25,1
SHP-0699,South,Rail,WH-C,168.51,8.32,315.45,1252.24,10.0,1
SHP-0700,South,Rail,WH-D,57.72,7.68,285.91,581.78,10.0,1
SHP-0701,East,Rail,WH-D,48.93,6.25,417.19,493.21,12.21,1
SHP-0702,East,Road,WH-A,71.38,5.17,371.97,796.33,37.28,1
SHP-0703,South,Road,WH-A,81.62,5.78,443.03,860.69,14.45,1
SHP-0704,West,Sea,WH-D,67.18,8.64,246.74,429.69,10.0,1
SHP-0705,North,Road,WH-B,41.98,4.44,780.73,555.88,36.09,1
SHP-0706,West,Road,WH-B,97.45,7.36,846.65,1108.11,51.65,1
SHP-0707,Central,Road,WH-C,93.58,4.98,193.5,955.56,17.49,1
SHP-0708,East,Road,WH-D,113.44,5.0,788.13,1265.15,10.0,1
SHP-0709,North,Road,WH-D,92.68,5.74,333.93,972.26,33.69,0
SHP-0710,North,Road,WH-B,162.36,8.56,743.48,1619.88,62.44,1
SHP-0711,Central,Rail,WH-B,117.24,8.38,476.82,844.65,10.47,1
SHP-0712,Central,Road,WH-D,107.21,6.2,499.6,1041.93,12.89,1
SHP-0713,South,Rail,WH-A,138.32,9.04,450.86,1037.32,18.04,1
SHP-0714,East,Air,WH-D,90.28,1.62,881.67,2126.23,37.15,1
SHP-0715,East,Air,WH-D,78.38,3.98,271.78,1723.46,18.31,1
SHP-0716,West,Air,WH-B,96.98,4.19,659.69,2225.8,10.0,1
SHP-0717,South,Sea,WH-B,33.73,9.14,836.01,257.12,29.21,1
SHP-0718,South,Road,WH-A,90.4,7.58,694.95,971.89,61.31,1
SHP-0719,South,Road,WH-A,81.58,4.97,1503.96,728.62,68.79,1
SHP-0720,South,Road,WH-C,101.5,7.92,382.26,1087.02,39.68,0
SHP-0721,East,Rail,WH-D,130.16,9.02,780.17,990.95,48.24,1
SHP-0722,East,Sea,WH-B,108.55,10.57,468.28,727.3,10.0,1
SHP-0723,South,Road,WH-A,61.91,5.89,890.72,714.29,58.52,1
SHP-0724,West,Sea,WH-C,121.03,11.06,490.93,635.78,25.24,1
SHP-0725,North,Road,WH-C,163.4,9.14,409.04,1814.44,15.67,0
SHP-0726,North,Sea,WH-B,131.61,10.13,922.34,793.55,54.4,1
SHP-0727,West,Road,WH-B,46.81,4.77,389.18,548.37,28.52,1
SHP-0728,South,Road,WH-C,108.06,7.94,250.11,1168.59,24.37,1
SHP-0729,East,Road,WH-A,49.9,5.01,384.49,517.69,38.82,1
SHP-0730,North,Road,WH-C,75.07,7.19,663.24,862.13,42.6,1
SHP-0731,Central,Road,WH-D,100.22,8.56,961.2,1148.93,32.23,1
SHP-0732,Central,Road,WH-D,94.62,6.04,519.75,850.45,21.48,1
SHP-0733,West,Air,WH-B,130.51,5.13,927.72,2915.06,95.17,1
SHP-0734,South,Road,WH-A,163.75,6.42,256.74,1648.23,24.99,1
SHP-0735,North,Road,WH-A,104.53,7.55,398.31,1152.03,57.45,1
SHP-0736,South,Rail,WH-D,72.6,8.04,429.01,723.94,44.53,1
SHP-0737,North,Air,WH-C,34.45,3.16,466.39,745.31,29.28,1
SHP-0738,West,Road,WH-B,144.61,6.66,513.05,1448.9,32.74,1
SHP-0739,West,Road,WH-C,81.77,4.36,686.52,809.18,37.21,1
SHP-0740,Central,Road,WH-C,83.63,6.88,398.02,846.24,10.0,1
SHP-0741,South,Road,WH-C,86.53,3.98,526.75,862.5,29.24,1
SHP-0742,Central,Rail,WH-A,102.48,7.98,482.19,879.15,44.68,1
SHP-0743,South,Road,WH-D,103.78,7.75,315.95,1030.53,10.0,1
SHP-0744,Central,Road,WH-A,75.59,6.38,466.58,871.47,31.84,1
SHP-0745,East,Air,WH-D,81.42,5.71,459.92,1740.73,38.07,1
SHP-0746,East,Road,WH-B,64.96,7.15,455.21,695.26,11.39,1
SHP-0747,East,Rail,WH-B,61.89,6.86,500.32,496.14,20.75,0
SHP-0748,East,Road,WH-C,61.76,5.94,510.98,844.42,12.84,1
SHP-0749,North,Sea,WH-D,81.01,10.4,400.41,527.06,10.0,1
SHP-0750,East,Road,WH-D,56.64,4.0,907.69,412.0,30.61,1
SHP-0751,West,Air,WH-D,20.87,1.29,281.08,302.55,10.0,1
SHP-0752,West,Rail,WH-C,72.05,7.15,348.6,600.15,40.47,1
SHP-0753,North,Road,WH-C,48.1,3.32,1871.29,572.05,89.19,1
SHP-0754,East,Rail,WH-B,89.09,8.16,299.4,759.74,18.36,1
SHP-0755,East,Sea,WH-A,64.85,9.88,257.29,484.76,10.0,1
SHP-0756,East,Rail,WH-D,103.03,6.43,701.03,890.04,56.24,1
SHP-0757,Central,Air,WH-D,50.08,3.37,181.81,1113.77,29.67,1
SHP-0758,South,Sea,WH-A,37.29,10.49,440.13,437.25,37.17,1
SHP-0759,Central,Road,WH-D,81.51,6.53,1380.22,744.93,80.5,1
SHP-0760,South,Road,WH-C,70.73,5.7,234.73,693.11,10.0,1
SHP-0761,East,Rail,WH-C,46.27,8.01,190.31,282.34,10.0,0
SHP-0762,East,Road,WH-D,117.28,7.69,239.94,1227.89,42.35,1
SHP-0763,Central,Sea,WH-C,53.87,10.32,758.4,424.09,30.32,0
SHP-0764,Central,Sea,WH-C,60.61,9.14,845.47,447.59,56.46,0
SHP-0765,South,Road,WH-D,126.85,7.4,385.28,1343.83,37.08,1
SHP-0766,West,Road,WH-B,105.59,8.08,683.99,1064.94,29.29,1
SHP-0767,South,Air,WH-A,51.32,2.24,960.37,1152.15,68.39,1
SHP-0768,Central,Road,WH-C,73.49,8.54,1162.03,717.03,75.38,0
SHP-0769,Central,Sea,WH-B,49.06,9.28,437.8,510.48,50.0,1
SHP-0770,North,Road,WH-C,122.86,7.05,163.25,1266.74,10.0,1
SHP-0771,Central,Rail,WH-C,122.83,7.94,332.28,897.24,10.0,1
SHP-0772,North,Road,WH-A,174.31,8.19,401.47,1946.45,14.5,1
SHP-0773,West,Rail,WH-C,203.95,8.17,435.16,1360.88,27.07,1
SHP-0774,South,Road,WH-A,64.52,5.33,450.26,607.62,25.64,1
SHP-0775,South,Rail,WH-A,114.35,7.3,843.09,776.08,40.47,1
SHP-0776,North,Road,WH-A,34.91,5.58,908.44,426.0,21.33,1
SHP-0777,South,Air,WH-B,92.01,4.8,453.77,2149.5,32.01,1
SHP-0778,Central,Sea,WH-D,101.74,11.57,834.87,732.75,75.5,1
SHP-0779,East,Road,WH-B,55.17,3.07,585.04,810.77,39.14,1
SHP-0780,North,Road,WH-D,62.77,8.28,508.24,542.92,37.09,0
SHP-0781,South,Road,WH-D,123.19,7.36,761.39,1357.47,50.46,1
SHP-0782,North,Rail,WH-A,102.83,7.46,510.14,752.5,34.01,1
SHP-0783,North,Rail,WH-C,164.45,9.64,1323.12,1189.68,86.75,1
SHP-0784,East,Road,WH-A,156.04,7.81,247.04,1567.24,19.52,1
SHP-0785,Central,Road,WH-C,39.11,4.74,384.8,375.06,16.47,1
SHP-0786,North,Road,WH-D,67.33,6.24,463.72,903.59,13.56,1
SHP-0787,South,Rail,WH-A,52.65,6.75,608.46,539.54,29.73,1
SHP-0788,West,Road,WH-C,116.42,6.43,905.62,1223.8,54.52,1
SHP-0789,North,Sea,WH-B,95.92,9.94,487.01,732.09,22.04,1
SHP-0790,North,Road,WH-C,54.24,4.13,248.97,453.51,18.41,1
SHP-0791,East,Rail,WH-A,57.99,7.71,738.34,395.97,47.2,0
SHP-0792,Central,Road,WH-B,140.92,8.01,707.95,1286.9,51.44,1
SHP-0793,West,Road,WH-C,70.67,6.66,194.01,728.36,29.91,1
SHP-0794,South,Air,WH-C,32.48,3.53,491.85,792.5,28.22,1
SHP-0795,West,Rail,WH-C,52.13,7.81,229.69,488.73,10.0,1
SHP-0796,South,Sea,WH-C,179.43,11.62,358.16,1029.99,14.52,1
SHP-0797,Central,Road,WH-C,128.44,8.08,319.47,1238.58,18.23,1
SHP-0798,South,Road,WH-B,47.69,4.1,726.65,599.14,12.43,1
SHP-0799,East,Air,WH-D,91.99,2.62,521.17,2092.58,49.49,1
SHP-0800,East,Rail,WH-B,125.01,7.64,265.85,1016.08,16.76,0
SHP-0801,East,Road,WH-B,38.88,6.74,751.77,320.36,47.07,1
SHP-0802,East,Road,WH-B,131.01,8.24,247.59,1421.02,34.1,1
SHP-0803,West,Road,WH-D,102.41,7.2,577.35,995.68,22.3,1
SHP-0804,Central,Sea,WH-A,61.16,11.33,333.38,443.46,26.95,0
SHP-0805,South,Road,WH-D,109.42,5.76,413.42,1191.23,21.09,1
SHP-0806,South,Road,WH-B,96.5,6.94,627.69,1049.8,31.76,1
SHP-0807,East,Road,WH-C,99.33,6.44,632.89,983.03,23.23,1
SHP-0808,East,Road,WH-C,90.57,7.4,936.12,994.29,76.47,1
SHP-0809,North,Road,WH-B,57.06,5.69,473.67,506.75,20.42,1
SHP-0810,Central,Road,WH-C,61.76,5.47,570.83,788.66,41.89,1
SHP-0811,West,Road,WH-B,76.59,6.8,399.37,831.51,10.0,1
SHP-0812,South,Air,WH-C,86.7,4.57,537.73,2090.36,47.27,1
SHP-0813,North,Road,WH-D,112.2,6.05,608.47,1127.45,49.25,0
SHP-0814,North,Road,WH-A,181.32,7.99,470.04,1819.34,27.31,0
SHP-0815,South,Sea,WH-A,93.83,9.47,207.31,523.95,10.0,1
SHP-0816,West,Rail,WH-D,111.35,5.63,577.73,903.99,37.78,1
SHP-0817,North,Road,WH-D,122.27,7.23,586.98,1227.88,66.62,1
SHP-0818,North,Road,WH-B,114.74,7.57,355.5,1284.21,10.0,1
SHP-0819,Central,Road,WH-B,56.12,6.11,266.0,608.73,26.36,1
SHP-0820,West,Rail,WH-B,146.64,6.9,1000.67,899.47,41.36,1
SHP-0821,North,Sea,WH-C,136.74,11.06,623.84,763.02,34.01,1
SHP-0822,West,Rail,WH-B,90.04,5.57,441.44,579.42,20.56,1
SHP-0823,South,Rail,WH-D,57.59,9.11,285.49,541.37,10.0,1
SHP-0824,East,Air,WH-A,86.11,2.3,332.13,1828.68,18.11,1
SHP-0825,North,Road,WH-C,41.01,6.98,920.8,598.64,33.63,1
SHP-0826,Central,Road,WH-B,154.91,8.68,526.41,1619.62,44.39,1
SHP-0827,South,Rail,WH-C,64.22,6.62,378.31,520.61,10.0,1
SHP-0828,West,Sea,WH-C,74.91,9.05,629.33,558.93,42.71,1
SHP-0829,South,Road,WH-B,150.13,7.91,333.32,1655.24,13.43,1
SHP-0830,North,Rail,WH-C,142.38,8.09,1012.73,1069.33,38.14,1
SHP-0831,West,Road,WH-A,98.12,6.68,943.26,983.02,54.92,1
SHP-0832,East,Road,WH-D,165.0,7.21,393.88,1537.66,10.0,1
SHP-0833,South,Road,WH-D,55.35,3.75,364.39,531.52,20.64,1
SHP-0834,North,Road,WH-A,98.14,4.0,140.23,948.8,10.0,1
SHP-0835,Central,Air,WH-C,55.55,3.26,241.98,1290.36,20.23,1
SHP-0836,West,Road,WH-B,133.15,6.55,259.06,1351.81,10.0,1
SHP-0837,South,Rail,WH-C,131.15,8.22,525.78,1062.41,22.15,1
SHP-0838,South,Air,WH-A,170.11,5.86,421.33,3792.66,27.58,1
SHP-0839,East,Sea,WH-C,84.99,11.88,258.33,591.14,10.0,1
SHP-0840,East,Road,WH-D,190.72,7.92,430.54,2060.96,22.81,1
SHP-0841,Central,Road,WH-C,53.55,5.37,628.01,636.21,11.83,1
SHP-0842,Central,Road,WH-A,83.04,6.87,634.83,907.1,44.38,1
SHP-0843,North,Sea,WH-D,54.39,8.42,197.98,342.1,37.36,1
SHP-0844,North,Sea,WH-C,92.44,10.92,463.33,555.56,67.37,1
SHP-0845,Central,Road,WH-C,56.45,6.45,253.66,575.79,15.32,1
SHP-0846,Central,Sea,WH-D,133.31,12.18,759.63,770.48,53.6,1
SHP-0847,West,Road,WH-B,103.85,4.44,717.94,1134.53,12.78,1
SHP-0848,East,Rail,WH-D,51.6,6.55,320.2,433.41,40.15,1
SHP-0849,North,Road,WH-B,120.04,5.95,341.14,1126.03,30.41,1
SHP-0850,East,Air,WH-A,159.89,4.99,394.88,3766.64,14.46,0
SHP-0851,East,Road,WH-A,108.13,7.3,167.11,1187.44,27.75,1
SHP-0852,Central,Sea,WH-D,45.18,11.53,578.98,284.29,28.03,1
SHP-0853,West,Air,WH-D,79.66,2.86,432.26,1764.29,16.9,1
SHP-0854,South,Air,WH-A,114.05,3.48,785.0,2581.72,50.31,1
SHP-0855,West,Road,WH-B,76.43,7.5,290.84,1014.48,10.0,1
SHP-0856,West,Road,WH-A,53.26,6.1,366.07,516.0,35.46,1
SHP-0857,East,Road,WH-D,139.88,8.78,239.1,1574.65,10.0,1
SHP-0858,West,Road,WH-A,75.03,6.48,304.28,955.41,10.0,1
SHP-0859,North,Road,WH-D,159.94,6.35,279.4,1577.08,10.0,1
SHP-0860,East,Sea,WH-D,67.49,8.68,794.78,435.0,55.11,1
SHP-0861,North,Rail,WH-A,73.16,6.03,352.42,490.85,10.13,1
SHP-0862,South,Road,WH-B,65.23,6.74,523.01,722.61,10.0,1
SHP-0863,East,Road,WH-C,79.08,7.59,410.44,884.57,13.49,1
SHP-0864,South,Road,WH-A,103.13,8.78,267.91,1197.15,14.25,1
SHP-0865,East,Rail,WH-C,54.45,8.45,454.51,604.17,10.0,0
SHP-0866,Central,Road,WH-A,50.1,7.04,656.92,535.36,18.86,1
SHP-0867,West,Sea,WH-C,38.52,9.03,275.97,158.74,46.85,1
SHP-0868,Central,Road,WH-B,36.51,4.13,726.6,419.24,27.05,1
SHP-0869,South,Sea,WH-B,45.41,10.79,327.71,425.06,13.18,1
SHP-0870,West,Sea,WH-A,67.29,10.69,390.79,517.7,15.98,1
SHP-0871,East,Road,WH-D,91.72,6.57,635.7,960.3,28.64,1
SHP-0872,West,Sea,WH-C,100.7,11.26,358.36,667.01,29.03,1
SHP-0873,North,Road,WH-D,89.92,6.79,501.72,1112.85,41.82,1
SHP-0874,West,Air,WH-D,151.94,6.21,423.67,3488.82,18.71,1
SHP-0875,North,Road,WH-D,172.92,9.4,524.32,1778.41,10.29,1
SHP-0876,West,Sea,WH-B,75.18,10.98,157.16,490.92,27.76,1
SHP-0877,North,Sea,WH-A,54.85,10.96,204.74,428.82,10.0,1
SHP-0878,South,Air,WH-A,195.99,6.12,662.26,4569.2,62.38,1
SHP-0879,Central,Air,WH-B,137.8,3.95,810.66,3086.18,10.9,1
SHP-0880,East,Road,WH-B,133.41,8.07,318.29,1410.93,20.44,1
SHP-0881,West,Road,WH-A,66.13,4.39,438.28,663.78,52.88,0
SHP-0882,Central,Road,WH-D,121.32,8.2,567.63,1398.99,25.92,1
SHP-0883,East,Road,WH-C,90.23,5.05,687.28,1124.44,34.42,1
SHP-0884,East,Rail,WH-C,82.31,8.31,186.18,725.19,14.67,1
SHP-0885,North,Road,WH-C,82.25,5.31,322.05,884.42,10.0,1
SHP-0886,South,Sea,WH-D,105.15,11.53,420.05,684.02,18.42,1
SHP-0887,South,Rail,WH-A,154.1,9.23,690.56,953.27,32.91,1
SHP-0888,Central,Sea,WH-B,203.24,10.82,1634.75,1176.5,80.5,1
SHP-0889,South,Road,WH-A,71.1,6.56,441.67,805.68,42.72,1
SHP-0890,West,Sea,WH-D,92.41,10.0,250.8,634.39,20.71,1
SHP-0891,South,Sea,WH-B,81.43,11.48,597.7,509.01,36.63,1
SHP-0892,Central,Road,WH-D,102.19,6.64,928.97,1055.7,63.22,1
SHP-0893,South,Rail,WH-C,77.12,8.34,518.97,614.45,24.58,1
SHP-0894,West,Air,WH-C,188.15,4.29,318.88,4308.28,10.0,1
SHP-0895,North,Road,WH-D,62.83,5.25,780.42,657.4,33.88,1
SHP-0896,Central,Road,WH-B,71.14,5.55,677.56,963.26,37.29,1
SHP-0897,North,Road,WH-B,66.55,6.98,301.11,796.69,10.0,1
SHP-0898,North,Road,WH-A,79.73,8.16,591.75,789.54,25.04,1
SHP-0899,North,Road,WH-C,46.83,4.72,795.27,518.18,36.0,0
SHP-0900,East,Road,WH-A,67.1,7.25,868.97,709.2,79.66,1
SHP-0901,East,Road,WH-A,101.76,4.14,477.28,843.68,10.0,1
SHP-0902,North,Road,WH-D,101.44,5.25,414.93,1202.17,20.13,1
SHP-0903,Central,Sea,WH-D,94.67,9.6,888.11,662.11,74.73,1
SHP-0904,West,Road,WH-A,148.24,5.91,275.65,1562.69,16.99,1
SHP-0905,West,Sea,WH-C,103.48,9.04,608.21,643.3,44.75,1
SHP-0906,South,Road,WH-D,146.13,7.91,255.29,1406.19,15.54,1
SHP-0907,Central,Road,WH-A,203.31,8.21,821.7,2035.77,35.18,1
SHP-0908,East,Road,WH-A,122.64,7.44,435.34,1374.8,10.0,1
SHP-0909,North,Road,WH-A,46.92,6.44,905.89,467.07,52.91,1
SHP-0910,South,Road,WH-A,96.28,6.84,623.83,809.87,22.68,0
SHP-0911,West,Rail,WH-A,90.3,8.88,273.92,726.38,10.0,0
SHP-0912,East,Road,WH-A,159.82,7.6,976.35,1642.29,46.21,1
SHP-0913,East,Rail,WH-D,80.98,6.59,1037.53,657.22,83.24,1
SHP-0914,North,Rail,WH-C,59.14,8.78,752.57,608.04,77.46,1
SHP-0915,West,Road,WH-A,68.78,5.36,341.87,807.32,22.06,1
SHP-0916,Central,Road,WH-B,47.69,4.58,425.44,558.83,16.43,1
SHP-0917,East,Air,WH-D,20.64,2.17,528.37,600.79,11.4,0
SHP-0918,North,Road,WH-D,188.55,7.14,351.5,1783.06,26.36,0
SHP-0919,Central,Road,WH-A,85.69,5.86,1110.23,965.03,87.81,1
SHP-0920,West,Sea,WH-D,49.66,10.29,528.1,465.08,25.34,1
SHP-0921,East,Road,WH-A,166.15,8.19,134.61,1614.31,10.0,1
SHP-0922,Central,Rail,WH-C,178.54,8.68,579.92,1181.51,41.95,1
SHP-0923,Central,Sea,WH-C,91.63,10.09,416.92,526.78,37.71,1
SHP-0924,Central,Road,WH-D,45.83,6.86,475.34,499.3,10.0,1
SHP-0925,East,Road,WH-D,69.51,6.62,412.84,847.33,25.35,1
SHP-0926,East,Road,WH-B,77.25,8.58,725.88,832.95,46.69,1
SHP-0927,South,Road,WH-D,86.94,7.72,843.41,887.82,45.29,0
SHP-0928,West,Road,WH-B,52.39,7.06,564.46,569.72,19.18,1
SHP-0929,North,Rail,WH-C,126.97,7.19,418.69,1055.39,38.27,1
SHP-0930,Central,Road,WH-C,31.19,6.24,483.07,409.77,20.52,1
SHP-0931,South,Road,WH-A,135.87,7.18,497.41,1403.97,10.0,1
SHP-0932,North,Sea,WH-C,148.34,11.04,335.24,856.29,10.0,1
SHP-0933,South,Air,WH-B,72.49,3.5,650.59,1774.09,54.7,1
SHP-0934,East,Rail,WH-D,82.67,9.07,614.51,633.26,43.05,0
SHP-0935,Central,Road,WH-A,156.44,8.19,1032.16,1752.05,58.09,1
SHP-0936,North,Rail,WH-B,112.18,7.51,900.16,883.27,42.9,1
SHP-0937,North,Road,WH-D,73.61,6.98,354.56,810.52,11.57,1
SHP-0938,North,Road,WH-A,77.43,5.46,730.51,1058.93,24.04,1
SHP-0939,North,Road,WH-C,105.41,6.95,312.17,1031.4,10.7,1
SHP-0940,North,Sea,WH-B,180.94,11.91,688.18,996.73,10.0,0
SHP-0941,South,Road,WH-D,78.47,5.96,384.53,741.84,10.11,1
SHP-0942,Central,Road,WH-A,72.64,6.99,301.52,901.63,11.92,1
SHP-0943,East,Road,WH-A,86.67,5.16,563.64,1068.38,40.15,1
SHP-0944,East,Road,WH-C,86.9,8.6,136.48,1130.63,10.0,1
SHP-0945,East,Sea,WH-D,97.5,8.66,212.63,704.82,23.62,1
SHP-0946,East,Air,WH-C,82.78,2.8,452.51,1853.84,45.12,1
SHP-0947,South,Air,WH-C,139.39,4.93,512.64,3122.59,44.07,1
SHP-0948,West,Road,WH-D,57.18,6.5,412.7,509.8,29.76,1
SHP-0949,Central,Road,WH-D,102.14,6.52,230.87,1270.93,12.88,1
SHP-0950,North,Road,WH-D,103.86,6.6,332.76,1147.74,10.0,1
SHP-0951,West,Road,WH-B,59.4,6.34,594.54,634.19,43.8,0
SHP-0952,East,Road,WH-D,101.7,6.36,651.49,1200.23,61.03,1
SHP-0953,West,Air,WH-A,105.03,5.49,488.93,2321.98,32.02,1
SHP-0954,Central,Road,WH-C,25.63,6.23,858.58,392.14,75.98,1
SHP-0955,North,Road,WH-B,54.82,6.79,596.3,627.48,10.0,1
SHP-0956,North,Road,WH-D,162.2,6.61,344.2,1717.3,10.0,0
SHP-0957,Central,Road,WH-B,65.59,5.89,430.68,723.4,36.52,1
SHP-0958,Central,Road,WH-D,49.61,5.35,251.29,436.95,17.79,1
SHP-0959,East,Sea,WH-B,35.82,8.49,467.82,320.8,45.44,1
SHP-0960,North,Air,WH-C,52.62,3.36,840.34,1312.64,45.99,1
SHP-0961,West,Sea,WH-C,81.26,9.84,684.67,540.26,24.64,1
SHP-0962,South,Road,WH-A,48.06,6.42,965.81,641.91,49.92,1
SHP-0963,South,Road,WH-A,112.81,5.6,426.07,1078.44,10.0,1
SHP-0964,Central,Road,WH-D,58.94,7.84,940.23,698.6,34.78,1
SHP-0965,East,Road,WH-C,97.82,5.53,449.09,972.67,39.29,1
SHP-0966,South,Sea,WH-B,151.94,11.99,998.61,966.74,68.02,1
SHP-0967,North,Road,WH-B,147.8,8.37,487.61,1557.57,32.26,0
SHP-0968,Central,Road,WH-B,97.1,5.89,691.92,1090.64,12.24,1
SHP-0969,West,Road,WH-A,51.12,6.7,1000.3,704.17,49.64,1
SHP-0970,Central,Road,WH-B,83.69,4.89,449.06,945.39,10.0,1
SHP-0971,West,Air,WH-A,98.47,5.44,547.21,2288.97,47.74,1
SHP-0972,Central,Road,WH-A,220.3,8.78,914.75,2161.1,41.56,1
SHP-0973,Central,Road,WH-D,35.67,4.76,462.27,424.24,10.0,1
SHP-0974,Central,Road,WH-B,83.82,5.96,261.38,855.68,14.82,1
SHP-0975,West,Road,WH-B,111.08,7.73,1378.35,1163.45,66.21,1
SHP-0976,West,Air,WH-C,89.61,2.94,393.28,1990.73,43.89,1
SHP-0977,Central,Sea,WH-D,93.88,9.83,531.77,511.18,18.22,0
SHP-0978,South,Sea,WH-C,60.49,9.83,858.24,273.05,26.21,1
SHP-0979,East,Air,WH-D,126.01,2.91,367.94,2764.59,10.0,1
SHP-0980,East,Road,WH-B,86.91,8.46,303.76,995.33,16.24,1
SHP-0981,East,Rail,WH-A,93.74,7.54,556.57,623.59,22.18,1
SHP-0982,West,Road,WH-A,131.8,8.13,208.37,1399.86,10.0,0
SHP-0983,West,Road,WH-A,74.59,6.38,429.15,994.55,41.44,1
SHP-0984,South,Sea,WH-A,144.27,10.46,554.25,929.66,40.49,1
SHP-0985,East,Road,WH-A,47.34,5.65,432.86,699.31,23.38,1
SHP-0986,East,Sea,WH-C,96.05,11.63,234.9,676.75,33.38,1
SHP-0987,Central,Road,WH-D,58.85,5.64,1059.13,765.75,68.19,1
SHP-0988,West,Rail,WH-B,52.25,8.81,517.86,433.09,16.14,1
SHP-0989,East,Rail,WH-C,180.0,10.91,979.41,1308.47,38.28,1
SHP-0990,South,Sea,WH-D,48.44,10.93,434.93,168.19,36.19,1
SHP-0991,South,Rail,WH-A,87.65,7.55,322.98,812.35,23.71,1
SHP-0992,East,Rail,WH-D,46.81,6.1,560.71,552.68,33.39,1
SHP-0993,West,Road,WH-D,140.39,6.62,444.27,1403.07,11.74,1
SHP-0994,South,Road,WH-A,71.36,6.31,279.97,768.68,24.52,1
SHP-0995,Central,Road,WH-A,131.5,7.79,997.74,1321.72,43.54,1
SHP-0996,South,Air,WH-A,109.46,1.47,365.52,2469.04,18.57,1
SHP-0997,North,Road,WH-B,205.47,8.49,203.7,2206.05,32.91,1
SHP-0998,North,Rail,WH-A,42.72,7.45,932.17,254.92,41.36,1
SHP-0999,West,Road,WH-B,54.62,5.46,386.81,654.09,10.0,1
SHP-1000,East,Road,WH-A,128.42,8.6,368.06,1349.87,10.0,1
