shipment_id,region,transport_mode,warehouse,shipment_volume_kg,distance_km,transport_cost,delivery_time_days
SHP-0001,West,Road,WH-B,61.95,476.3,537.38,3.57
SHP-0002,Central,Road,WH-A,87.31,338.83,993.34,3.48
SHP-0003,East,Sea,WH-C,84.82,752.17,295.91,5.72
SHP-0004,Central,Road,WH-C,117.14,367.31,1124.87,3.72
SHP-0005,Central,Road,WH-B,38.48,708.48,488.45,2.88
SHP-0006,South,Air,WH-B,61.55,492.16,1571.26,1.46
SHP-0007,East,Road,WH-C,111.72,841.99,1142.83,5.64
SHP-0008,East,Sea,WH-A,91.99,298.74,456.6,4.77
SHP-0009,East,Road,WH-C,78.92,319.43,778.46,4.68
SHP-0010,Central,Sea,WH-D,46.34,430.57,327.54,5.81
SHP-0011,West,Air,WH-D,125.78,448.06,2837.55,1.99
SHP-0012,East,Rail,WH-B,83.37,415.64,529.13,4.67
SHP-0013,Central,Sea,WH-A,85.37,1742.53,612.83,7.44
SHP-0014,South,Road,WH-A,92.0,1326.58,943.17,4.67
SHP-0015,West,Sea,WH-D,96.0,568.81,349.64,7.94
SHP-0016,South,Road,WH-C,58.75,601.93,478.68,2.95
SHP-0017,West,Road,WH-B,86.15,439.88,837.49,2.67
SHP-0018,Central,Road,WH-C,110.32,297.7,1080.11,3.85
SHP-0019,North,Road,WH-C,58.66,451.51,669.83,3.79
SHP-0020,West,Road,WH-C,144.54,713.47,1481.48,4.37
SHP-0021,South,Sea,WH-A,130.57,922.14,667.73,7.11
SHP-0022,Central,Sea,WH-D,73.92,794.68,477.13,7.31
SHP-0023,West,Sea,WH-A,76.49,238.72,364.33,5.35
SHP-0024,North,Road,WH-D,41.34,428.88,323.78,3.85
SHP-0025,North,Rail,WH-B,107.62,243.46,598.31,5.46
SHP-0026,East,Road,WH-B,101.4,863.54,1134.67,4.24
SHP-0027,East,Road,WH-C,66.58,404.26,485.22,2.28
SHP-0028,South,Road,WH-D,141.99,481.73,1371.4,4.43
SHP-0029,West,Road,WH-D,87.24,620.44,1116.94,5.86
SHP-0030,West,Air,WH-D,46.13,1858.91,1200.3,4.13
SHP-0031,East,Rail,WH-C,66.33,560.47,459.31,5.33
SHP-0032,West,Road,WH-C,43.2,439.5,310.77,3.33
SHP-0033,West,Road,WH-B,300.73,271.59,3008.03,5.78
SHP-0034,North,Road,WH-A,43.06,992.42,585.54,4.69
SHP-0035,East,Road,WH-D,81.94,451.61,869.3,3.95
SHP-0036,Central,Sea,WH-D,62.91,1091.63,370.39,7.97
SHP-0037,East,Road,WH-A,35.67,837.73,451.62,4.18
SHP-0038,Central,Road,WH-D,161.08,394.56,1549.94,3.31
SHP-0039,North,Road,WH-C,59.17,252.57,504.45,4.11
SHP-0040,South,Air,WH-C,115.89,561.62,2670.98,1.55
SHP-0041,West,Sea,WH-D,51.77,366.81,258.25,5.17
SHP-0042,North,Air,WH-C,114.16,502.14,2593.37,3.72
SHP-0043,West,Rail,WH-C,34.03,815.29,276.73,5.05
SHP-0044,South,Road,WH-D,165.74,222.8,1629.26,3.97
SHP-0045,South,Road,WH-B,77.27,559.48,777.7,3.77
SHP-0046,North,Sea,WH-A,51.15,709.53,279.52,6.05
SHP-0047,South,Air,WH-C,150.22,726.25,3365.38,2.94
SHP-0048,Central,Rail,WH-B,67.02,256.08,692.98,4.66
SHP-0049,South,Air,WH-C,44.02,602.62,1080.78,1.18
SHP-0050,West,Air,WH-C,93.13,878.04,2325.92,2.92
SHP-0051,West,Rail,WH-A,70.28,581.0,502.66,4.59
SHP-0052,West,Sea,WH-C,88.22,466.13,409.55,5.46
SHP-0053,West,Sea,WH-A,112.73,851.51,489.48,6.23
SHP-0054,Central,Rail,WH-A,84.63499999999999,353.09,626.85,4.83
SHP-0055,East,Rail,WH-A,123.14,236.44,746.9,4.65
SHP-0056,North,Road,WH-B,115.82,447.52,1280.85,5.21
SHP-0057,West,Rail,WH-D,20.69,637.03,104.15,4.74
SHP-0058,South,Road,WH-B,140.82,811.34,1473.67,4.01
SHP-0059,West,Rail,WH-D,79.02,635.65,437.22,5.21
SHP-0060,South,Sea,WH-D,112.24,735.97,528.58,5.76
SHP-0061,South,Rail,WH-A,63.57,813.83,480.06,5.07
SHP-0062,West,Road,WH-C,90.03,418.68,840.98,3.98
SHP-0063,Central,Road,WH-A,65.58,458.97,646.19,3.94
SHP-0064,South,Road,WH-C,65.4,914.01,681.28,5.24
SHP-0065,South,Air,WH-D,65.23,275.65,1521.66,2.98
SHP-0066,West,Road,WH-A,54.82,605.46,402.27,4.38
SHP-0067,South,Road,WH-C,153.73,349.32,1443.38,4.61
SHP-0068,South,Road,WH-B,68.68,835.58,819.64,5.98
SHP-0069,West,Air,WH-C,65.93,488.53,1534.44,1.05
SHP-0070,West,Air,WH-A,115.34,494.55,2678.76,2.13
SHP-0071,North,Road,WH-B,44.94,1129.88,577.98,4.67
SHP-0072,Central,Road,WH-C,69.2,293.98,594.27,4.11
SHP-0073,Central,Road,WH-C,72.75,546.53,787.69,4.19
SHP-0074,South,Rail,WH-C,52.96,451.94,388.39,3.84
SHP-0075,Central,Rail,WH-C,37.36,636.23,475.16,4.97
SHP-0076,South,Road,WH-C,90.0,1243.99,1018.67,5.79
SHP-0077,North,Rail,WH-B,103.86,368.52,746.42,4.03
SHP-0078,West,Road,WH-D,79.75,277.34,833.37,2.89
SHP-0079,West,Sea,WH-B,152.26,334.13,749.43,5.69
SHP-0080,West,Road,WH-B,97.05,440.65,992.57,4.07
SHP-0081,Central,Road,WH-B,83.23,508.18,810.02,4.85
SHP-0082,North,Road,WH-D,102.72,520.6,1060.33,2.81
SHP-0083,Central,Rail,WH-A,70.67,1170.61,628.9,6.19
SHP-0084,Central,Air,WH-D,125.22,1074.84,2925.66,2.6
SHP-0085,North,Road,WH-B,72.27,920.96,835.35,5.48
SHP-0086,North,Rail,WH-C,84.63499999999999,1647.36,703.18,6.91
SHP-0087,North,Air,WH-C,97.05,731.84,2283.38,2.66
SHP-0088,North,Road,WH-B,69.69,838.83,779.44,4.61
SHP-0089,West,Road,WH-C,34.95,725.09,767.73,4.8
SHP-0090,East,Sea,WH-B,104.62,670.24,432.94,8.43
SHP-0091,East,Road,WH-C,118.13,595.45,1149.98,3.74
SHP-0092,North,Road,WH-D,77.19,407.28,769.67,3.2
SHP-0093,East,Sea,WH-A,94.81,270.84,560.14,6.44
SHP-0094,East,Road,WH-A,73.74,462.8,515.17,3.48
SHP-0095,North,Road,WH-D,89.94,646.5,823.54,5.03
SHP-0096,East,Road,WH-D,56.58,510.14,562.82,4.81
SHP-0097,Central,Sea,WH-B,204.51,295.49,864.2,6.29
SHP-0098,South,Road,WH-B,180.46,455.04,1686.88,3.6
SHP-0099,South,Road,WH-B,52.99,443.79,498.95,3.21
SHP-0100,North,Road,WH-C,83.24,478.22,753.4,4.1
SHP-0101,West,Road,WH-B,92.09,623.68,862.95,4.37
SHP-0102,North,Road,WH-D,93.77,691.6,1055.19,2.9
SHP-0103,West,Road,WH-A,126.46,387.6,1281.52,3.23
SHP-0104,South,Rail,WH-C,66.22,789.14,554.68,4.82
SHP-0105,North,Road,WH-B,101.77,848.26,1031.96,4.25
SHP-0106,Central,Road,WH-C,78.47,574.64,872.31,2.08
SHP-0107,East,Road,WH-C,45.63,677.95,555.55,2.96
SHP-0108,West,Road,WH-B,112.96,790.31,1184.18,3.65
SHP-0109,East,Road,WH-C,83.01,290.94,759.55,3.71
SHP-0110,East,Air,WH-A,76.53,817.52,1713.62,2.41
SHP-0111,North,Road,WH-D,80.95,337.23,880.66,3.32
SHP-0112,East,Road,WH-D,113.91,353.37,1069.04,4.63
SHP-0113,Central,Road,WH-A,61.29,541.43,522.49,4.48
SHP-0114,East,Sea,WH-C,47.16,176.07,183.42,5.89
SHP-0115,North,Air,WH-B,67.77,536.09,1658.54,2.14
SHP-0116,Central,Rail,WH-C,93.05,789.39,625.19,4.95
SHP-0117,South,Road,WH-A,66.28,223.62,673.75,2.56
SHP-0118,East,Sea,WH-C,98.2,831.08,459.14,6.06
SHP-0119,North,Road,WH-D,101.7,352.33,1055.43,3.73
SHP-0120,South,Road,WH-C,78.99,544.19,836.9,4.28
SHP-0121,South,Road,WH-A,100.88,377.77,869.31,4.5
SHP-0122,West,Road,WH-D,83.46,648.72,866.16,3.97
SHP-0123,Central,Sea,WH-C,86.62,805.91,319.67,7.29
SHP-0124,East,Air,WH-C,99.79,672.21,2204.86,1.0
SHP-0125,North,Road,WH-D,88.59,491.81,880.06,3.78
SHP-0126,West,Rail,WH-B,43.47,392.13,461.7,4.14
SHP-0127,Central,Sea,WH-D,166.75,476.63,813.92,7.84
SHP-0128,West,Sea,WH-B,89.47,675.1,395.24,6.9
SHP-0129,Central,Rail,WH-A,58.8,686.31,411.71,5.52
SHP-0130,Central,Sea,WH-A,102.17,641.88,585.07,7.04
SHP-0131,East,Sea,WH-D,170.38,266.23,727.73,6.66
SHP-0132,Central,Air,WH-D,64.21,487.33,1539.47,2.92
SHP-0133,West,Road,WH-A,188.08,363.56,1773.97,2.59
SHP-0134,Central,Road,WH-B,117.05,678.01,1092.96,4.59
SHP-0135,East,Sea,WH-A,39.14,341.32,164.17,6.83
SHP-0136,East,Road,WH-D,194.08,612.16,1763.4,3.67
SHP-0137,West,Sea,WH-A,39.29,430.33,80.0,6.49
SHP-0138,South,Road,WH-D,91.4,199.94,877.69,2.64
SHP-0139,South,Road,WH-D,80.19,770.36,818.03,4.22
SHP-0140,Central,Road,WH-A,53.75,486.8,570.1,3.24
SHP-0141,North,Road,WH-B,109.18,909.11,1102.9,5.63
SHP-0142,Central,Sea,WH-C,143.62,221.55,850.36,6.0
SHP-0143,West,Sea,WH-A,44.81,428.41,249.39,6.52
SHP-0144,West,Air,WH-C,157.05,444.13,3380.53,2.48
SHP-0145,West,Rail,WH-A,116.44,560.99,712.12,4.61
SHP-0146,West,Road,WH-C,152.4,260.84,1468.69,4.17
SHP-0147,West,Road,WH-B,84.08,639.79,815.16,3.67
SHP-0148,East,Rail,WH-B,192.02,1233.48,1248.53,7.15
SHP-0149,South,Road,WH-A,98.62,618.8,981.71,3.76
SHP-0150,West,Road,WH-D,96.48,515.21,954.29,4.6
SHP-0151,North,Road,WH-C,95.12,254.38,1051.63,4.07
SHP-0152,North,Road,WH-D,41.78,339.8,350.76,3.53
SHP-0153,North,Sea,WH-D,108.71,479.72,494.14,6.1
SHP-0154,North,Sea,WH-D,50.71,382.11,386.17,5.19
SHP-0155,East,Road,WH-B,54.63,806.42,609.75,4.66
SHP-0156,North,Rail,WH-A,35.01,636.62,204.71,4.61
SHP-0157,West,Air,WH-A,37.92,1794.25,920.5,2.66
SHP-0158,Central,Road,WH-B,142.28,307.72,1279.11,3.02
SHP-0159,North,Sea,WH-B,80.18,500.64,767.73,7.59
SHP-0160,East,Sea,WH-A,26.76,253.64,223.22,5.35
SHP-0161,East,Road,WH-D,97.8,169.56,1073.16,4.41
SHP-0162,North,Road,WH-C,126.96,697.08,1142.96,4.42
SHP-0163,Central,Road,WH-C,60.6,625.39,695.26,4.94
SHP-0164,North,Road,WH-C,65.15,326.95,658.24,4.47
SHP-0165,East,Road,WH-D,131.8,515.25,1272.37,3.89
SHP-0166,South,Sea,WH-A,70.59,364.29,313.41,4.36
SHP-0167,West,Road,WH-B,147.03,388.69,1274.23,2.69
SHP-0168,East,Road,WH-A,84.92,422.53,891.59,3.47
SHP-0169,North,Sea,WH-D,142.12,320.43,559.66,7.79
SHP-0170,West,Air,WH-B,71.36,349.33,767.73,1.24
SHP-0171,North,Road,WH-D,148.91,354.09,1476.4,4.27
SHP-0172,North,Road,WH-C,46.85,603.64,348.05,4.97
SHP-0173,South,Road,WH-C,101.81,130.11,871.96,3.18
SHP-0174,West,Rail,WH-D,68.92,441.75,580.83,4.74
SHP-0175,West,Road,WH-B,83.88,292.34,830.03,3.93
SHP-0176,South,Road,WH-B,115.48,297.45,1067.9,3.68
SHP-0177,East,Sea,WH-A,79.32,382.87,397.66,6.27
SHP-0178,North,Road,WH-C,121.06,489.37,1242.74,3.76
SHP-0179,Central,Sea,WH-A,125.98,444.56,692.47,6.56
SHP-0180,North,Sea,WH-A,81.24,295.67,300.23,6.85
SHP-0181,North,Road,WH-D,117.45,696.74,1089.56,5.87
SHP-0182,East,Sea,WH-D,75.46,319.5,413.8,6.4
SHP-0183,North,Road,WH-A,90.86,346.31,942.11,4.36
SHP-0184,South,Sea,WH-C,109.97,564.85,432.55,6.53
SHP-0185,South,Rail,WH-D,66.09,574.66,396.58,4.65
SHP-0186,West,Rail,WH-A,44.2,367.38,301.21,4.77
SHP-0187,Central,Road,WH-A,59.82,120.38,579.82,3.98
SHP-0188,North,Sea,WH-A,68.88,322.13,767.73,5.45
SHP-0189,North,Air,WH-A,129.72,532.57,2787.77,1.37
SHP-0190,East,Road,WH-A,73.71,685.76,758.42,4.08
SHP-0191,South,Sea,WH-A,118.54,474.35,513.98,6.37
SHP-0192,Central,Road,WH-D,27.95,391.54,203.55,4.08
SHP-0193,West,Road,WH-C,52.26,1481.4,614.13,4.79
SHP-0194,South,Road,WH-A,22.42,412.08,236.9,1.43
SHP-0195,West,Road,WH-B,70.71,661.08,788.74,3.74
SHP-0196,East,Road,WH-D,152.55,259.61,1401.1,3.98
SHP-0197,East,Sea,WH-D,91.07,291.99,452.01,5.42
SHP-0198,North,Road,WH-A,54.23,672.31,443.51,3.69
SHP-0199,Central,Rail,WH-D,36.72,813.54,281.76,5.89
SHP-0200,West,Road,WH-A,97.12,408.68,992.43,3.84
SHP-0201,South,Sea,WH-C,57.05,202.89,316.81,5.63
SHP-0202,East,Sea,WH-C,63.0,454.67,364.24,6.13
SHP-0203,North,Road,WH-D,53.41,539.65,614.9,3.45
SHP-0204,North,Sea,WH-D,57.45,516.68,264.19,6.1
SHP-0205,West,Road,WH-B,48.38,375.99,529.31,3.8
SHP-0206,East,Air,WH-D,83.58,457.88,2024.8,1.05
SHP-0207,Central,Road,WH-B,93.47,343.82,878.13,4.9
SHP-0208,East,Sea,WH-C,57.99,288.97,394.48,6.45
SHP-0209,West,Road,WH-C,84.63499999999999,708.2,1718.97,4.34
SHP-0210,West,Rail,WH-A,106.22,516.43,710.41,5.6
SHP-0211,East,Air,WH-C,33.6,458.37,761.28,2.68
SHP-0212,West,Road,WH-B,90.0,386.28,895.37,3.47
SHP-0213,East,Road,WH-D,96.63,451.93,1019.74,4.01
SHP-0214,South,Road,WH-A,98.8,532.16,1013.37,4.86
SHP-0215,East,Road,WH-B,83.36,1129.77,844.31,6.8
SHP-0216,East,Rail,WH-D,116.03,674.64,641.59,5.69
SHP-0217,West,Road,WH-A,133.56,357.87,1351.23,3.08
SHP-0218,West,Road,WH-C,106.53,359.69,886.16,3.42
SHP-0219,North,Road,WH-B,145.49,333.75,1299.54,4.84
SHP-0220,North,Air,WH-D,124.98,447.53,2753.23,1.49
SHP-0221,South,Road,WH-A,77.09,333.63,661.91,3.19
SHP-0222,North,Road,WH-A,98.6,618.88,1011.62,4.58
SHP-0223,East,Road,WH-C,108.26,138.53,1015.87,3.01
SHP-0224,West,Road,WH-D,131.29,637.07,1361.0,5.16
SHP-0225,North,Sea,WH-C,81.41,562.38,282.71,7.06
SHP-0226,North,Road,WH-C,95.22,903.36,923.86,6.28
SHP-0227,South,Road,WH-D,36.24,750.59,404.66,4.41
SHP-0228,South,Air,WH-D,70.76,354.9,1588.57,1.0
SHP-0229,East,Air,WH-D,25.16,711.14,665.97,2.6
SHP-0230,West,Road,WH-B,56.63,454.56,501.21,4.33
SHP-0231,South,Air,WH-D,62.89,194.71,1361.7,1.73
SHP-0232,North,Sea,WH-A,108.04,531.79,569.29,6.12
SHP-0233,West,Road,WH-C,60.71,365.17,430.12,2.87
SHP-0234,West,Air,WH-B,83.66,492.8,1910.81,1.06
SHP-0235,North,Air,WH-D,98.85,1088.65,2323.01,4.35
SHP-0236,South,Road,WH-B,82.56,548.89,721.58,4.19
SHP-0237,North,Road,WH-D,65.9,302.38,625.08,3.04
SHP-0238,West,Road,WH-B,157.36,782.83,1676.93,4.89
SHP-0239,Central,Sea,WH-C,118.93,586.41,634.86,6.64
SHP-0240,Central,Sea,WH-C,80.31,285.75,420.0,5.28
SHP-0241,East,Rail,WH-A,71.39,227.92,561.56,4.64
SHP-0242,North,Road,WH-A,97.21,308.24,1092.51,3.93
SHP-0243,North,Rail,WH-D,96.8,736.14,689.57,6.93
SHP-0244,East,Rail,WH-C,88.88,426.34,579.28,4.61
SHP-0245,East,Road,WH-B,65.67,512.32,743.96,2.9
SHP-0246,East,Road,WH-B,30.25,259.18,293.16,2.71
SHP-0247,West,Sea,WH-B,96.76,745.72,420.83,6.17
SHP-0248,North,Road,WH-A,59.25,187.3,534.67,3.07
SHP-0249,West,Air,WH-B,155.08,359.75,3465.57,1.28
SHP-0250,East,Road,WH-A,51.43,602.36,500.79,4.76
SHP-0251,North,Road,WH-A,72.8,287.48,684.62,2.85
SHP-0252,West,Road,WH-D,152.96,661.68,1423.86,4.57
SHP-0253,West,Road,WH-B,72.6,324.66,830.52,4.89
SHP-0254,East,Sea,WH-B,59.47,273.55,262.09,6.42
SHP-0255,North,Road,WH-C,131.12,913.71,1261.8,5.41
SHP-0256,East,Sea,WH-D,147.4,530.54,657.35,8.28
SHP-0257,North,Road,WH-C,37.13,632.16,467.49,4.93
SHP-0258,Central,Sea,WH-D,125.24,803.31,673.68,7.55
SHP-0259,South,Road,WH-B,121.27,140.15,1123.09,3.01
SHP-0260,South,Sea,WH-A,79.07,668.27,411.87,6.34
SHP-0261,South,Air,WH-A,51.86,341.96,1190.45,1.16
SHP-0262,East,Road,WH-A,157.65,364.29,1470.48,4.06
SHP-0263,Central,Road,WH-A,30.24,607.88,212.67,4.02
SHP-0264,North,Sea,WH-A,58.92,413.95,339.45,6.43
SHP-0265,West,Sea,WH-C,115.33,655.48,519.53,5.86
SHP-0266,North,Road,WH-D,37.05,483.18,425.83,4.93
SHP-0267,West,Air,WH-B,74.71,534.18,1712.11,2.17
SHP-0268,North,Sea,WH-C,79.4,389.43,392.9,6.07
SHP-0269,Central,Sea,WH-D,144.07,295.55,637.88,6.49
SHP-0270,West,Sea,WH-A,115.58,345.38,497.0,6.82
SHP-0271,East,Air,WH-D,119.17,469.02,2568.2,1.29
SHP-0272,North,Road,WH-D,38.27,1190.2,409.64,5.0
SHP-0273,North,Road,WH-A,75.87,998.76,846.15,4.11
SHP-0274,West,Road,WH-A,102.59,360.11,1115.24,5.58
SHP-0275,East,Air,WH-A,133.68,507.21,3081.73,2.56
SHP-0276,East,Air,WH-B,45.35,429.19,1043.78,1.01
SHP-0277,Central,Road,WH-A,73.76,524.54,854.48,6.48
SHP-0278,East,Sea,WH-B,178.5,557.95,823.36,6.83
SHP-0279,East,Air,WH-A,61.44,634.73,1299.28,2.15
SHP-0280,East,Rail,WH-B,108.92,122.42,871.45,4.53
SHP-0281,South,Road,WH-D,122.93,587.53,1257.42,3.46
SHP-0282,Central,Road,WH-C,109.39,406.88,948.94,4.12
SHP-0283,North,Road,WH-D,130.16,351.3,1389.37,2.51
SHP-0284,West,Road,WH-D,37.17,721.44,351.38,4.78
SHP-0285,North,Road,WH-A,110.99,996.33,1092.03,4.34
SHP-0286,Central,Road,WH-B,78.21,685.89,879.53,3.99
SHP-0287,West,Road,WH-C,83.65,384.17,934.37,4.19
SHP-0288,Central,Road,WH-A,94.15,293.98,837.9,3.51
SHP-0289,East,Road,WH-A,104.23,116.4,1117.2,3.48
SHP-0290,West,Air,WH-A,77.73,537.87,1823.03,1.2
SHP-0291,East,Road,WH-D,85.18,650.62,797.25,5.92
SHP-0292,North,Sea,WH-B,39.2,469.24,194.25,6.54
SHP-0293,North,Sea,WH-B,42.81,771.39,375.65,5.98
SHP-0294,West,Road,WH-C,122.41,261.47,1058.93,3.78
SHP-0295,West,Road,WH-B,136.71,453.87,1445.56,3.28
SHP-0296,Central,Road,WH-B,130.8,436.97,1345.31,5.33
SHP-0297,Central,Rail,WH-A,92.55,467.38,679.68,5.1
SHP-0298,East,Rail,WH-A,155.68,863.17,1091.53,5.55
SHP-0299,West,Road,WH-D,146.4,468.57,1585.92,4.65
SHP-0300,North,Rail,WH-A,135.21,427.73,1082.53,5.03
SHP-0301,Central,Road,WH-A,84.32,314.31,776.99,2.74
SHP-0302,Central,Road,WH-A,111.71,932.36,1184.8,5.18
SHP-0303,North,Rail,WH-A,85.21,247.9,723.68,4.87
SHP-0304,Central,Road,WH-D,92.67,377.87,847.81,4.6
SHP-0305,East,Rail,WH-A,84.63499999999999,1111.08,833.83,6.49
SHP-0306,West,Road,WH-C,160.98,616.93,1658.94,4.59
SHP-0307,North,Sea,WH-C,98.81,488.0,322.51,6.65
SHP-0308,West,Road,WH-C,46.18,497.91,544.87,4.78
SHP-0309,Central,Road,WH-C,200.82,312.85,1845.79,4.07
SHP-0310,Central,Rail,WH-A,78.61,476.8,564.48,5.23
SHP-0311,North,Road,WH-C,47.39,416.57,575.09,4.15
SHP-0312,East,Sea,WH-A,94.3,537.12,276.17,6.95
SHP-0313,South,Air,WH-D,84.63499999999999,239.13,2602.78,1.13
SHP-0314,North,Rail,WH-C,137.47,596.43,1104.3,5.63
SHP-0315,South,Air,WH-B,96.56,802.7,2145.92,2.23
SHP-0316,South,Sea,WH-C,70.62,446.82,399.69,7.28
SHP-0317,East,Sea,WH-C,94.53,672.23,585.97,6.63
SHP-0318,South,Air,WH-A,92.85,571.9,1961.06,1.22
SHP-0319,South,Air,WH-C,115.54,368.07,2631.86,1.61
SHP-0320,East,Road,WH-B,86.54,296.46,927.78,3.77
SHP-0321,South,Road,WH-A,224.05,317.09,2204.91,4.26
SHP-0322,South,Rail,WH-A,138.97,567.13,955.61,4.78
SHP-0323,South,Road,WH-D,67.98,479.65,604.16,3.63
SHP-0324,North,Road,WH-D,64.95,908.73,801.02,4.8
SHP-0325,North,Road,WH-C,63.96,720.26,667.99,5.0
SHP-0326,North,Road,WH-D,108.49,719.54,1015.89,4.68
SHP-0327,East,Air,WH-D,90.92,559.07,2019.61,2.39
SHP-0328,Central,Sea,WH-D,58.72,310.49,318.56,6.25
SHP-0329,South,Road,WH-A,33.99,576.03,244.09,4.14
SHP-0330,South,Road,WH-A,73.69,508.09,742.11,2.94
SHP-0331,East,Sea,WH-A,111.79,285.31,492.54,5.46
SHP-0332,South,Road,WH-D,49.13,880.75,644.12,5.36
SHP-0333,North,Sea,WH-A,74.46,836.39,252.01,7.53
SHP-0334,Central,Road,WH-D,139.98,284.52,1427.7,3.74
SHP-0335,West,Road,WH-A,25.06,362.8,380.51,3.31
SHP-0336,South,Sea,WH-A,70.88,378.43,202.25,5.51
SHP-0337,North,Road,WH-B,68.58,660.32,567.0,4.43
SHP-0338,West,Rail,WH-C,44.1,624.82,479.5,4.2
SHP-0339,Central,Sea,WH-D,46.66,503.36,177.89,6.76
SHP-0340,West,Road,WH-B,120.82,561.97,1440.31,4.32
SHP-0341,North,Rail,WH-A,154.75,265.59,882.64,5.19
SHP-0342,West,Sea,WH-D,61.95,591.73,339.71,5.69
SHP-0343,East,Road,WH-A,128.47,469.46,1256.12,4.73
SHP-0344,West,Sea,WH-C,89.36,355.69,413.92,5.43
SHP-0345,South,Rail,WH-B,81.35,236.13,584.69,3.7
SHP-0346,South,Rail,WH-C,157.33,499.17,1104.26,5.14
SHP-0347,East,Rail,WH-B,60.7,584.84,427.96,6.96
SHP-0348,North,Road,WH-A,66.86,217.63,571.42,3.59
SHP-0349,South,Sea,WH-C,51.61,497.14,355.83,4.09
SHP-0350,Central,Sea,WH-C,51.93,522.53,325.72,5.79
SHP-0351,South,Rail,WH-A,108.8,377.65,746.55,5.07
SHP-0352,South,Air,WH-C,155.68,591.3,3519.87,1.45
SHP-0353,North,Rail,WH-D,98.93,462.35,741.56,5.67
SHP-0354,West,Road,WH-B,24.99,564.49,221.61,3.78
SHP-0355,South,Rail,WH-B,184.27,636.79,1293.53,6.18
SHP-0356,East,Rail,WH-B,132.64,636.96,868.86,5.3
SHP-0357,West,Rail,WH-D,143.11,802.77,1058.61,5.31
SHP-0358,Central,Air,WH-B,99.58,579.63,2221.66,2.6
SHP-0359,North,Road,WH-A,61.86,391.91,667.92,3.75
SHP-0360,Central,Road,WH-C,86.59,361.07,816.77,3.69
SHP-0361,West,Road,WH-D,146.05,295.78,1464.23,4.95
SHP-0362,West,Road,WH-B,75.72,529.84,683.43,4.31
SHP-0363,West,Air,WH-A,128.2,929.11,2897.64,1.51
SHP-0364,Central,Rail,WH-C,57.14,414.86,483.03,5.23
SHP-0365,West,Rail,WH-C,126.19,611.44,906.51,5.8
SHP-0366,Central,Road,WH-D,93.87,343.4,934.65,4.58
SHP-0367,West,Rail,WH-D,77.21,541.05,689.45,4.25
SHP-0368,East,Road,WH-D,93.12,901.88,1038.68,5.18
SHP-0369,West,Road,WH-A,119.76,684.99,1260.92,4.49
SHP-0370,Central,Air,WH-A,140.74,231.83,3167.51,1.13
SHP-0371,South,Sea,WH-D,66.19,648.03,412.29,6.91
SHP-0372,West,Road,WH-B,74.35,662.35,891.87,3.95
SHP-0373,South,Road,WH-C,115.56,535.54,1107.22,4.72
SHP-0374,East,Road,WH-C,217.96,678.86,2205.69,4.73
SHP-0375,North,Road,WH-A,202.95,330.27,1982.95,3.41
SHP-0376,East,Rail,WH-C,146.3,507.94,960.96,5.37
SHP-0377,West,Road,WH-B,164.11,839.56,1618.19,5.1
SHP-0378,South,Road,WH-C,60.19,803.98,653.65,3.72
SHP-0379,South,Road,WH-A,57.19,641.02,525.77,1.64
SHP-0380,Central,Road,WH-A,53.94,322.52,607.33,3.75
SHP-0381,South,Road,WH-B,59.74,299.04,583.21,3.44
SHP-0382,Central,Road,WH-B,113.83,520.6,1129.82,4.66
SHP-0383,North,Road,WH-C,91.87,537.42,1024.36,3.92
SHP-0384,West,Road,WH-C,121.46,469.57,1201.82,3.72
SHP-0385,Central,Sea,WH-A,155.79,334.86,852.07,7.48
SHP-0386,North,Road,WH-B,99.01,607.74,947.22,3.25
SHP-0387,South,Sea,WH-B,91.37,519.51,364.96,5.98
SHP-0388,South,Road,WH-B,186.63,566.3,1795.07,4.47
SHP-0389,North,Sea,WH-C,75.11,655.14,165.21,7.13
SHP-0390,South,Rail,WH-B,48.56,432.1,422.64,4.47
SHP-0391,North,Air,WH-A,111.66,389.71,2404.69,1.38
SHP-0392,Central,Air,WH-A,70.19,838.51,1561.89,3.33
SHP-0393,Central,Road,WH-C,97.16,342.57,1007.7,3.76
SHP-0394,North,Road,WH-D,59.91,393.39,610.14,2.58
SHP-0395,Central,Road,WH-C,113.47,891.08,1113.98,5.0
SHP-0396,Central,Rail,WH-D,89.92,378.96,451.9,5.12
SHP-0397,Central,Road,WH-B,88.22,469.97,979.76,5.32
SHP-0398,East,Road,WH-C,122.25,404.34,1251.6,4.5
SHP-0399,West,Rail,WH-A,157.93,209.36,1207.74,3.72
SHP-0400,South,Rail,WH-B,179.49,464.43,1156.16,4.13
SHP-0401,East,Air,WH-A,121.44,303.35,2579.64,2.91
SHP-0402,Central,Rail,WH-B,92.67,556.8,726.48,4.57
SHP-0403,North,Sea,WH-C,93.18,837.74,471.27,6.06
SHP-0404,Central,Road,WH-D,134.23,170.24,1339.1,4.36
SHP-0405,West,Road,WH-B,58.77,405.32,720.33,3.23
SHP-0406,Central,Road,WH-D,64.59,612.23,693.64,4.73
SHP-0407,North,Road,WH-B,39.41,172.78,401.65,2.59
SHP-0408,West,Sea,WH-A,138.74,935.81,717.59,8.4
SHP-0409,Central,Road,WH-A,166.58,591.31,1498.8,5.21
SHP-0410,West,Air,WH-B,121.89,828.77,2836.54,2.18
SHP-0411,South,Road,WH-D,42.45,375.89,527.08,2.06
SHP-0412,South,Rail,WH-C,112.73,398.3,807.07,6.26
SHP-0413,Central,Rail,WH-C,76.34,456.12,411.49,4.71
SHP-0414,West,Road,WH-A,103.65,1375.18,1084.98,5.04
SHP-0415,North,Road,WH-C,181.74,927.68,1915.87,6.37
SHP-0416,Central,Road,WH-A,63.15,525.07,596.63,4.57
SHP-0417,South,Road,WH-C,122.28,556.75,1300.93,4.82
SHP-0418,South,Road,WH-B,85.71,668.31,872.08,3.92
SHP-0419,Central,Road,WH-A,93.76,1553.0,1071.96,7.26
SHP-0420,West,Road,WH-A,44.68,592.12,438.85,2.91
SHP-0421,South,Rail,WH-B,77.3,503.74,549.48,4.26
SHP-0422,West,Rail,WH-A,53.49,418.83,416.16,4.83
SHP-0423,South,Rail,WH-C,125.17,551.56,771.09,5.82
SHP-0424,South,Road,WH-C,95.14,371.75,955.45,3.97
SHP-0425,East,Rail,WH-A,114.93,625.23,581.95,5.52
SHP-0426,South,Road,WH-C,63.59,247.73,575.81,2.77
SHP-0427,North,Road,WH-D,72.97,434.83,771.52,4.72
SHP-0428,Central,Sea,WH-A,133.46,701.08,746.29,7.55
SHP-0429,Central,Road,WH-B,80.89,588.27,853.31,3.51
SHP-0430,West,Rail,WH-D,71.77,394.63,386.83,3.98
SHP-0431,South,Rail,WH-A,125.8,440.82,935.58,4.42
SHP-0432,North,Road,WH-B,64.2,809.94,583.56,4.06
SHP-0433,West,Road,WH-C,73.79,275.62,772.2,4.13
SHP-0434,East,Road,WH-B,90.47,276.39,793.09,4.11
SHP-0435,West,Sea,WH-D,110.01,315.38,458.4,6.48
SHP-0436,West,Road,WH-C,82.94,490.23,750.66,3.99
SHP-0437,South,Road,WH-A,46.61,256.92,474.43,3.19
SHP-0438,East,Road,WH-C,117.27,778.56,1160.68,3.76
SHP-0439,West,Rail,WH-A,147.55,316.19,1025.09,5.45
SHP-0440,North,Road,WH-A,70.89,548.78,715.85,3.7
SHP-0441,North,Road,WH-B,80.29,373.17,671.19,3.8
SHP-0442,Central,Rail,WH-B,56.22,477.5,425.72,4.45
SHP-0443,East,Sea,WH-B,92.14,228.24,291.92,6.23
SHP-0444,East,Road,WH-D,60.92,796.82,571.82,4.99
SHP-0445,Central,Road,WH-D,164.07,310.59,1554.38,3.37
SHP-0446,West,Road,WH-B,78.55,295.37,735.21,3.65
SHP-0447,East,Rail,WH-D,74.29,1543.68,474.59,6.71
SHP-0448,North,Road,WH-C,77.58,642.95,898.14,5.23
SHP-0449,North,Road,WH-C,63.84,782.08,800.9,3.7
SHP-0450,South,Air,WH-D,97.48,614.17,2373.82,1.26
SHP-0451,East,Air,WH-D,77.1,396.55,1819.71,1.7
SHP-0452,West,Road,WH-C,127.51,263.15,1200.73,3.04
SHP-0453,Central,Sea,WH-A,97.31,426.91,439.01,6.16
SHP-0454,Central,Rail,WH-C,112.75,308.12,720.12,4.42
SHP-0455,West,Road,WH-C,117.96,317.13,1304.8,3.79
SHP-0456,South,Road,WH-D,147.34,230.46,1408.88,4.24
SHP-0457,Central,Sea,WH-C,72.66,520.58,470.14,6.4
SHP-0458,East,Road,WH-D,65.81,1048.63,804.39,5.19
SHP-0459,South,Road,WH-D,70.61,644.13,737.46,3.12
SHP-0460,East,Road,WH-B,89.72,468.35,773.72,4.06
SHP-0461,North,Rail,WH-C,101.35,483.25,689.89,4.85
SHP-0462,South,Road,WH-A,59.33,114.1,584.56,3.31
SHP-0463,Central,Road,WH-B,68.45,402.04,784.66,3.18
SHP-0464,South,Road,WH-D,101.52,248.44,985.87,2.71
SHP-0465,South,Road,WH-D,95.88,525.59,856.2,4.01
SHP-0466,South,Rail,WH-A,74.82,434.94,600.14,5.89
SHP-0467,South,Rail,WH-D,46.89,324.65,312.56,4.03
SHP-0468,East,Road,WH-C,95.24,519.94,742.79,4.39
SHP-0469,North,Road,WH-B,116.09,517.79,1170.32,4.95
SHP-0470,West,Rail,WH-D,113.69,1021.41,860.76,6.35
SHP-0471,South,Road,WH-D,79.9,685.04,746.44,4.35
SHP-0472,Central,Road,WH-A,60.43,546.83,602.47,3.86
SHP-0473,South,Sea,WH-C,51.57,312.68,309.69,5.5
SHP-0474,Central,Rail,WH-D,58.66,294.34,431.36,3.93
SHP-0475,East,Road,WH-A,106.59,656.84,940.11,4.93
SHP-0476,Central,Road,WH-D,77.5,447.63,872.36,4.17
SHP-0477,West,Road,WH-A,87.82,555.4,1015.27,4.5
SHP-0478,North,Road,WH-A,40.03,787.95,402.54,4.01
SHP-0479,Central,Road,WH-C,129.66,238.34,1098.05,4.33
SHP-0480,Central,Road,WH-D,146.11,963.5,1526.83,5.96
SHP-0481,North,Road,WH-C,63.95,784.7,616.46,3.63
SHP-0482,West,Sea,WH-A,35.36,183.8,216.64,5.22
SHP-0483,South,Air,WH-B,160.25,1524.6,3823.74,4.78
SHP-0484,Central,Road,WH-D,72.64,574.94,612.38,3.59
SHP-0485,North,Road,WH-B,56.46,391.62,503.99,4.1
SHP-0486,East,Air,WH-D,61.87,632.16,1396.16,2.3
SHP-0487,North,Road,WH-C,70.02,308.22,793.2,3.88
SHP-0488,East,Road,WH-C,66.91,640.43,971.36,4.36
SHP-0489,West,Sea,WH-C,75.02,336.68,384.27,6.45
SHP-0490,South,Road,WH-C,64.11,1299.55,582.41,4.3
SHP-0491,North,Rail,WH-C,122.88,507.17,811.64,4.67
SHP-0492,Central,Sea,WH-B,68.19,673.11,298.71,7.63
SHP-0493,West,Road,WH-C,41.92,337.88,482.98,4.82
SHP-0494,North,Road,WH-A,54.03,729.18,601.8,4.32
SHP-0495,Central,Road,WH-A,77.22,489.78,689.46,5.12
SHP-0496,North,Sea,WH-B,81.78,250.21,321.35,5.47
SHP-0497,East,Sea,WH-D,125.5,439.39,571.1,6.32
SHP-0498,North,Air,WH-A,80.14,1245.05,1843.63,4.43
SHP-0499,North,Road,WH-D,94.74,744.2,956.15,5.14
SHP-0500,North,Air,WH-B,72.14,410.79,1623.91,2.97
SHP-0501,West,Sea,WH-D,96.8,200.9,550.45,6.13
SHP-0502,North,Rail,WH-D,39.98,330.43,254.62,3.81
SHP-0503,Central,Sea,WH-D,98.11,250.86,418.1,6.16
SHP-0504,East,Sea,WH-D,76.17,203.24,251.93,6.83
SHP-0505,East,Rail,WH-B,128.19,718.44,872.8,5.73
SHP-0506,North,Rail,WH-A,132.33,507.73,921.27,5.16
SHP-0507,West,Road,WH-C,102.85,1166.37,932.43,5.53
SHP-0508,West,Road,WH-D,72.36,305.25,684.4,3.07
SHP-0509,Central,Rail,WH-A,74.16,492.21,614.27,5.11
SHP-0510,North,Road,WH-A,54.74,252.34,592.04,3.51
SHP-0511,East,Sea,WH-B,78.64,370.35,413.39,5.97
SHP-0512,West,Sea,WH-A,45.21,442.92,288.58,6.64
SHP-0513,North,Air,WH-B,78.01,411.65,1703.22,2.33
SHP-0514,West,Road,WH-D,125.56,505.58,1176.71,3.87
SHP-0515,West,Road,WH-D,69.52,785.54,825.03,4.3
SHP-0516,East,Road,WH-C,98.18,746.86,1058.77,4.51
SHP-0517,South,Rail,WH-C,111.69,340.6,693.54,4.09
SHP-0518,Central,Air,WH-C,121.58,485.62,2563.27,1.0
SHP-0519,Central,Sea,WH-A,69.34,721.38,311.68,6.36
SHP-0520,East,Road,WH-D,55.16,810.1,632.34,4.14
SHP-0521,West,Sea,WH-B,51.94,358.76,209.78,5.92
SHP-0522,North,Sea,WH-C,56.69,692.23,336.89,6.98
SHP-0523,West,Road,WH-B,71.63,577.64,840.23,3.39
SHP-0524,East,Sea,WH-B,44.67,295.4,217.19,6.25
SHP-0525,Central,Road,WH-C,62.36,723.48,668.99,3.59
SHP-0526,West,Road,WH-D,130.33,529.93,1335.3,4.1
SHP-0527,Central,Rail,WH-C,126.0,213.61,749.54,4.27
SHP-0528,North,Road,WH-B,84.63499999999999,427.93,290.32,4.19
SHP-0529,Central,Rail,WH-C,214.34,502.27,1491.47,5.79
SHP-0530,Central,Rail,WH-B,143.64,368.41,966.09,4.99
SHP-0531,South,Rail,WH-B,44.4,888.51,369.45,4.72
SHP-0532,South,Road,WH-C,87.24,904.1,903.8,4.2
SHP-0533,South,Road,WH-A,69.07,410.1,767.22,4.71
SHP-0534,Central,Rail,WH-C,66.04,389.06,495.22,4.32
SHP-0535,East,Road,WH-A,43.52,462.67,486.34,4.22
SHP-0536,Central,Road,WH-B,121.12,447.63,1284.19,4.01
SHP-0537,East,Road,WH-B,120.36,370.78,1301.63,4.46
SHP-0538,East,Rail,WH-A,99.42,83.08,832.34,5.09
SHP-0539,South,Road,WH-B,181.08,1144.03,1765.5,5.14
SHP-0540,West,Rail,WH-A,79.41,492.85,753.16,5.33
SHP-0541,North,Air,WH-A,63.01,452.33,1334.59,3.8
SHP-0542,South,Road,WH-B,55.03,575.98,723.71,4.05
SHP-0543,South,Road,WH-D,58.29,474.17,540.93,4.62
SHP-0544,West,Sea,WH-A,142.24,400.79,666.65,6.76
SHP-0545,North,Sea,WH-C,100.11,304.08,476.3,5.56
SHP-0546,Central,Sea,WH-C,71.63,203.87,269.29,5.96
SHP-0547,Central,Air,WH-B,64.35,257.21,1443.12,1.19
SHP-0548,South,Road,WH-D,115.83,288.3,1058.26,3.05
SHP-0549,North,Road,WH-B,47.48,673.47,406.15,4.14
SHP-0550,South,Road,WH-D,51.57,697.72,542.65,3.75
SHP-0551,East,Road,WH-A,121.36,322.7,1305.93,3.32
SHP-0552,South,Road,WH-A,98.22,137.2,923.74,4.99
SHP-0553,South,Road,WH-A,55.12,494.91,638.55,4.07
SHP-0554,Central,Road,WH-A,89.12,402.49,811.23,4.0
SHP-0555,Central,Air,WH-C,58.31,397.74,1211.86,1.71
SHP-0556,Central,Air,WH-C,87.61,779.65,2026.12,3.35
SHP-0557,East,Road,WH-B,83.0,526.66,971.06,5.67
SHP-0558,Central,Sea,WH-D,69.15,308.38,352.58,6.42
SHP-0559,North,Road,WH-A,69.23,276.14,745.93,3.67
SHP-0560,West,Sea,WH-A,53.05,434.39,393.07,7.02
SHP-0561,North,Road,WH-D,72.31,318.91,709.57,3.78
SHP-0562,North,Sea,WH-D,154.59,475.92,721.56,7.13
SHP-0563,Central,Rail,WH-B,85.33,806.37,656.94,6.24
SHP-0564,West,Road,WH-D,191.89,254.09,1895.29,3.76
SHP-0565,West,Road,WH-A,38.85,513.95,298.3,2.2
SHP-0566,West,Road,WH-A,67.11,764.5,722.39,3.96
SHP-0567,East,Road,WH-A,107.32,472.78,1057.32,4.8
SHP-0568,Central,Road,WH-A,214.35,696.7,2028.88,5.55
SHP-0569,West,Rail,WH-A,44.31,429.28,316.77,5.47
SHP-0570,East,Road,WH-B,83.69,534.86,744.64,3.96
SHP-0571,South,Rail,WH-A,103.21,608.85,598.72,6.09
SHP-0572,South,Sea,WH-B,144.12,374.44,683.83,6.31
SHP-0573,East,Road,WH-A,67.46,1281.16,815.52,5.93
SHP-0574,East,Rail,WH-C,75.46,650.17,514.73,6.03
SHP-0575,Central,Road,WH-C,53.77,920.98,507.63,3.61
SHP-0576,Central,Air,WH-C,73.06,823.93,1608.77,1.8
SHP-0577,South,Road,WH-C,79.24,576.57,842.79,3.06
SHP-0578,West,Sea,WH-B,100.89,958.32,664.05,7.95
SHP-0579,South,Sea,WH-B,116.6,539.26,629.47,6.11
SHP-0580,West,Road,WH-D,47.58,347.13,583.82,4.81
SHP-0581,West,Road,WH-A,63.35,496.27,557.75,3.76
SHP-0582,Central,Sea,WH-C,98.3,304.0,460.73,5.07
SHP-0583,North,Air,WH-B,40.35,179.68,983.53,1.0
SHP-0584,North,Road,WH-A,166.02,327.27,1491.45,4.3
SHP-0585,East,Road,WH-A,138.04,510.29,1299.57,4.86
SHP-0586,Central,Air,WH-B,103.98,820.34,2428.51,1.98
SHP-0587,West,Road,WH-C,113.29,326.8,1123.06,4.12
SHP-0588,North,Sea,WH-D,133.45,800.21,587.34,7.88
SHP-0589,West,Road,WH-A,136.56,275.58,1188.93,3.31
SHP-0590,North,Road,WH-D,105.32,316.91,1132.9,5.24
SHP-0591,North,Air,WH-C,49.76,987.91,1009.52,2.4
SHP-0592,North,Road,WH-C,97.45,504.14,1016.66,3.46
SHP-0593,Central,Road,WH-D,139.15,453.35,1315.59,3.13
SHP-0594,South,Road,WH-C,91.31,551.66,995.35,4.66
SHP-0595,West,Road,WH-A,122.26,276.15,1100.15,3.7
SHP-0596,Central,Rail,WH-D,113.86,420.39,982.89,4.66
SHP-0597,Central,Road,WH-C,121.9,493.38,1229.68,3.14
SHP-0598,Central,Rail,WH-D,68.17,889.86,559.68,5.32
SHP-0599,Central,Air,WH-A,120.39,221.01,2604.36,3.34
SHP-0600,Central,Rail,WH-C,59.02,1148.53,464.85,4.51
SHP-0601,East,Road,WH-A,59.22,464.13,591.1,3.53
SHP-0602,West,Road,WH-C,72.04,289.15,851.16,4.68
SHP-0603,Central,Sea,WH-B,110.72,265.08,551.49,6.97
SHP-0604,West,Air,WH-C,96.17,561.78,2204.1,1.66
SHP-0605,East,Rail,WH-D,92.68,258.1,665.68,4.93
SHP-0606,East,Road,WH-C,76.48,376.58,807.0,4.23
SHP-0607,West,Road,WH-A,32.7,437.05,234.49,3.57
SHP-0608,North,Air,WH-A,84.58,853.17,2093.01,3.97
SHP-0609,South,Sea,WH-C,53.67,803.4,235.6,6.7
SHP-0610,North,Rail,WH-D,52.33,361.9,366.04,5.44
SHP-0611,North,Air,WH-B,108.57,444.93,2546.59,2.24
SHP-0612,North,Air,WH-D,34.53,229.11,932.8,1.0
SHP-0613,Central,Road,WH-B,145.37,185.16,1460.29,2.91
SHP-0614,East,Road,WH-A,93.64,273.16,871.03,3.13
SHP-0615,North,Road,WH-D,70.08,844.79,743.59,4.45
SHP-0616,East,Road,WH-B,26.76,716.54,324.87,5.71
SHP-0617,West,Sea,WH-C,59.4,592.32,330.87,6.56
SHP-0618,South,Road,WH-A,78.45,244.78,666.41,3.11
SHP-0619,West,Road,WH-C,33.53,350.16,447.35,4.19
SHP-0620,West,Road,WH-A,71.41,326.44,715.32,2.47
SHP-0621,Central,Road,WH-D,135.54,455.01,1266.21,3.84
SHP-0622,South,Road,WH-D,83.72,441.45,790.8,3.12
SHP-0623,West,Road,WH-A,146.24,304.62,1435.23,4.14
SHP-0624,West,Rail,WH-A,60.26,582.67,326.06,5.52
SHP-0625,South,Road,WH-A,40.68,549.99,500.77,3.86
SHP-0626,South,Rail,WH-D,103.68,347.29,720.46,4.85
SHP-0627,West,Road,WH-B,112.84,570.24,1242.85,3.91
SHP-0628,South,Road,WH-C,132.94,845.27,1336.79,4.8
SHP-0629,West,Road,WH-C,151.59,977.96,1431.52,4.53
SHP-0630,West,Rail,WH-D,83.59,623.61,497.38,5.57
SHP-0631,Central,Rail,WH-C,140.36,614.87,930.25,5.15
SHP-0632,North,Road,WH-A,233.18,439.1,2227.55,4.01
SHP-0633,West,Road,WH-B,124.2,807.76,1199.18,4.69
SHP-0634,East,Air,WH-C,60.57,294.78,1366.4,1.0
SHP-0635,North,Road,WH-B,84.12,764.06,812.88,5.59
SHP-0636,North,Road,WH-A,102.41,429.21,1027.57,4.61
SHP-0637,North,Air,WH-C,99.85,1007.93,2235.78,3.32
SHP-0638,Central,Rail,WH-D,78.59,653.5,613.67,4.09
SHP-0639,West,Road,WH-B,158.92,476.96,1523.05,3.76
SHP-0640,Central,Sea,WH-A,40.06,439.87,315.15,6.05
SHP-0641,West,Air,WH-B,86.43,634.16,2004.31,1.95
SHP-0642,Central,Road,WH-C,101.14,619.57,1025.93,3.11
SHP-0643,Central,Rail,WH-C,62.13,406.99,419.78,3.76
SHP-0644,East,Rail,WH-D,136.33,514.96,805.84,5.3
SHP-0645,Central,Road,WH-A,97.39,757.68,1098.94,3.62
SHP-0646,South,Road,WH-A,91.63,256.11,836.56,4.23
SHP-0647,East,Road,WH-D,110.47,698.14,1112.57,5.03
SHP-0648,Central,Rail,WH-D,92.06,632.82,676.54,4.7
SHP-0649,North,Road,WH-A,119.25,870.96,1187.92,5.76
SHP-0650,South,Sea,WH-B,31.17,349.49,276.58,6.19
SHP-0651,South,Rail,WH-B,35.91,494.1,175.23,4.6
SHP-0652,South,Road,WH-D,125.29,543.72,1372.42,3.96
SHP-0653,East,Rail,WH-B,84.96,702.48,662.15,5.34
SHP-0654,Central,Road,WH-A,61.47,605.45,612.73,3.66
SHP-0655,Central,Rail,WH-C,96.9,271.79,632.77,3.7
SHP-0656,North,Rail,WH-C,83.89,566.63,413.26,6.27
SHP-0657,North,Road,WH-B,58.98,1289.53,595.6,5.01
SHP-0658,South,Road,WH-D,199.6,660.93,1920.75,4.63
SHP-0659,North,Road,WH-D,159.42,1081.67,1615.1,4.92
SHP-0660,East,Road,WH-D,65.54,812.95,788.4,4.46
SHP-0661,Central,Road,WH-D,65.96,947.62,865.4,6.68
SHP-0662,South,Road,WH-D,60.22,571.8,639.65,3.17
SHP-0663,North,Sea,WH-B,71.18,633.01,387.39,7.66
SHP-0664,East,Road,WH-C,115.16,557.05,1099.38,4.43
SHP-0665,East,Road,WH-C,89.06,493.78,748.35,4.67
SHP-0666,North,Rail,WH-B,70.67,703.63,467.19,6.24
SHP-0667,Central,Road,WH-D,80.63,383.72,780.24,3.94
SHP-0668,North,Sea,WH-B,71.0,1218.02,494.97,7.46
SHP-0669,South,Rail,WH-C,57.75,315.62,442.2,4.06
SHP-0670,North,Air,WH-A,53.22,727.39,1246.68,2.21
SHP-0671,East,Road,WH-B,51.63,955.05,520.41,6.13
SHP-0672,North,Road,WH-D,96.08,452.7,790.42,3.02
SHP-0673,Central,Road,WH-C,131.18,288.81,1115.57,2.61
SHP-0674,West,Sea,WH-C,91.32,858.04,346.51,5.77
SHP-0675,North,Road,WH-C,33.05,543.28,334.05,3.25
SHP-0676,Central,Road,WH-C,94.99,728.07,1040.13,4.94
SHP-0677,Central,Sea,WH-D,64.34,467.53,404.31,6.74
SHP-0678,East,Road,WH-A,53.71,1131.53,664.25,4.73
SHP-0679,Central,Road,WH-C,44.6,178.37,396.77,3.15
SHP-0680,Central,Road,WH-B,53.65,590.26,648.41,3.19
SHP-0681,Central,Sea,WH-A,54.37,938.27,245.23,6.29
SHP-0682,Central,Road,WH-C,39.86,518.3,488.4,4.17
SHP-0683,South,Air,WH-A,54.39,569.71,1108.18,2.37
SHP-0684,South,Air,WH-B,106.14,400.08,2272.99,1.28
SHP-0685,East,Road,WH-C,142.62,497.67,1526.92,5.64
SHP-0686,North,Rail,WH-B,34.07,220.86,222.78,4.97
SHP-0687,Central,Road,WH-D,121.73,349.03,1129.92,5.03
SHP-0688,North,Road,WH-C,78.67,337.77,862.59,3.54
SHP-0689,North,Air,WH-C,45.41,679.38,1150.67,3.25
SHP-0690,East,Sea,WH-C,70.42,374.56,312.18,7.8
SHP-0691,Central,Rail,WH-C,103.68,379.79,726.55,4.58
SHP-0692,Central,Road,WH-D,85.96,411.0,860.49,3.72
SHP-0693,West,Road,WH-C,37.61,344.0,158.64,2.67
SHP-0694,North,Road,WH-A,82.92,560.67,720.94,3.38
SHP-0695,North,Road,WH-C,115.31,590.67,1218.12,3.62
SHP-0696,South,Road,WH-D,107.62,732.17,1014.33,3.66
SHP-0697,West,Road,WH-C,71.63,674.06,776.84,4.32
SHP-0698,South,Road,WH-A,84.45,642.47,874.74,3.4
SHP-0699,South,Road,WH-D,73.36,420.77,827.79,3.64
SHP-0700,South,Road,WH-D,104.87,408.02,919.83,3.81
SHP-0701,East,Road,WH-A,107.67,324.35,1080.31,3.66
SHP-0702,East,Sea,WH-A,30.08,321.55,155.87,5.91
SHP-0703,South,Road,WH-A,115.68,540.91,1079.08,3.56
SHP-0704,West,Sea,WH-A,101.98,348.86,767.73,5.88
SHP-0705,North,Sea,WH-A,64.0,997.04,385.94,6.7
SHP-0706,West,Road,WH-D,129.58,483.96,1320.09,4.16
SHP-0707,Central,Air,WH-D,73.4,1013.0,1700.87,2.43
SHP-0708,East,Rail,WH-C,58.48,648.36,439.57,4.49
SHP-0709,North,Rail,WH-C,64.4,339.31,405.85,5.09
SHP-0710,North,Road,WH-B,86.79,478.29,828.17,4.49
SHP-0711,Central,Road,WH-C,70.3,220.69,622.08,4.17
SHP-0712,Central,Road,WH-C,63.63,539.91,606.23,3.22
SHP-0713,South,Road,WH-A,59.33,354.54,639.56,2.94
SHP-0714,East,Rail,WH-A,109.65,288.74,792.32,5.1
SHP-0715,East,Rail,WH-C,105.96,1023.14,668.53,5.9
SHP-0716,West,Road,WH-B,33.55,808.1,311.69,4.56
SHP-0717,South,Air,WH-A,66.12,797.48,1461.5,2.47
SHP-0718,South,Road,WH-C,114.38,717.24,1138.83,4.58
SHP-0719,South,Road,WH-C,82.13,272.4,667.4,4.27
SHP-0720,South,Air,WH-D,117.7,406.58,2551.56,2.14
SHP-0721,East,Road,WH-B,133.95,418.65,1195.13,4.41
SHP-0722,East,Road,WH-D,133.4,216.88,1316.68,3.8
SHP-0723,South,Road,WH-B,124.22,377.15,1207.87,3.59
SHP-0724,West,Road,WH-A,75.76,379.13,713.06,2.87
SHP-0725,North,Sea,WH-B,68.05,523.47,263.02,5.19
SHP-0726,North,Rail,WH-C,79.31,1661.62,612.68,7.49
SHP-0727,West,Sea,WH-C,70.65,487.83,311.78,7.04
SHP-0728,South,Rail,WH-B,125.73,523.6,989.92,4.72
SHP-0729,East,Road,WH-B,106.16,436.99,1123.29,5.3
SHP-0730,North,Road,WH-B,84.63499999999999,702.12,828.48,4.34
SHP-0731,Central,Rail,WH-D,47.54,294.28,345.79,3.03
SHP-0732,Central,Road,WH-B,105.23,1224.27,1173.14,6.05
SHP-0733,West,Sea,WH-A,133.9,464.24,584.43,6.15
SHP-0734,South,Sea,WH-D,63.11,407.61,203.24,6.5
SHP-0735,North,Road,WH-D,127.58,784.95,1131.08,3.94
SHP-0736,South,Sea,WH-B,101.71,321.29,585.2,6.14
SHP-0737,North,Sea,WH-A,205.71,695.92,966.08,6.95
SHP-0738,West,Rail,WH-D,78.62,967.27,611.73,5.84
SHP-0739,West,Road,WH-C,64.9,438.85,605.76,4.2
SHP-0740,Central,Road,WH-D,119.61,1319.97,1140.5,6.04
SHP-0741,South,Road,WH-B,60.39,671.33,540.94,3.9
SHP-0742,Central,Road,WH-A,86.42,675.34,767.77,3.34
SHP-0743,South,Road,WH-B,96.82,949.2,1063.72,5.07
SHP-0744,Central,Air,WH-C,117.67,1077.88,2794.27,3.94
SHP-0745,East,Road,WH-C,135.1,558.74,1331.15,3.84
SHP-0746,East,Rail,WH-C,183.18,722.35,1127.04,5.5
SHP-0747,East,Sea,WH-B,37.7,963.18,286.44,7.91
SHP-0748,East,Sea,WH-D,177.66,282.12,923.23,6.55
SHP-0749,North,Road,WH-B,45.34,214.83,525.68,2.73
SHP-0750,East,Sea,WH-A,53.85,479.32,278.33,6.56
SHP-0751,West,Road,WH-D,111.6,212.37,1058.46,3.06
SHP-0752,West,Road,WH-C,89.97,423.81,885.63,3.88
SHP-0753,North,Rail,WH-B,51.25,573.01,476.95,4.74
SHP-0754,East,Road,WH-C,108.08,431.68,1122.09,3.96
SHP-0755,East,Road,WH-C,78.46,460.37,751.32,4.85
SHP-0756,East,Rail,WH-A,38.86,304.66,244.07,2.84
SHP-0757,Central,Road,WH-D,137.47,719.32,1324.95,5.06
SHP-0758,South,Road,WH-A,58.73,295.76,496.42,3.83
SHP-0759,Central,Road,WH-A,51.46,179.58,611.34,2.78
SHP-0760,South,Air,WH-A,86.45,446.07,1874.51,2.25
SHP-0761,East,Rail,WH-C,55.8,764.49,463.08,4.83
SHP-0762,East,Road,WH-A,107.85,512.0,1012.66,3.87
SHP-0763,Central,Road,WH-A,77.83,281.72,723.71,3.0
SHP-0764,Central,Road,WH-D,97.38,517.46,957.38,4.75
SHP-0765,South,Road,WH-D,62.93,608.13,690.13,2.53
SHP-0766,West,Air,WH-A,89.23,514.58,1983.42,3.08
SHP-0767,South,Road,WH-D,56.84,433.98,483.53,3.19
SHP-0768,Central,Road,WH-D,73.57,622.22,750.19,4.57
SHP-0769,Central,Rail,WH-A,83.41,213.91,497.92,4.82
SHP-0770,North,Rail,WH-C,36.6,320.83,387.08,4.59
SHP-0771,Central,Rail,WH-A,129.05,263.35,839.07,4.38
SHP-0772,North,Road,WH-D,42.77,941.27,428.17,5.52
SHP-0773,West,Road,WH-C,53.15,693.52,718.36,3.7
SHP-0774,South,Road,WH-B,57.58,538.54,649.21,3.09
SHP-0775,South,Road,WH-C,105.66,245.6,951.7,3.95
SHP-0776,North,Rail,WH-D,66.02,704.29,422.21,5.45
SHP-0777,South,Sea,WH-C,160.6,958.66,837.32,8.29
SHP-0778,Central,Air,WH-A,165.24,648.28,3690.61,2.65
SHP-0779,East,Air,WH-B,107.53,484.5,2475.52,1.82
SHP-0780,North,Road,WH-B,58.99,667.29,560.78,4.43
SHP-0781,South,Rail,WH-B,76.04,561.72,595.29,4.43
SHP-0782,North,Road,WH-D,86.53,768.56,704.46,4.14
SHP-0783,North,Road,WH-D,84.63499999999999,760.34,1264.38,5.38
SHP-0784,East,Road,WH-B,74.2,443.14,691.02,5.3
SHP-0785,Central,Road,WH-C,57.5,358.85,538.59,3.4
SHP-0786,North,Road,WH-B,48.75,406.7,487.39,3.03
SHP-0787,South,Sea,WH-C,131.3,637.28,732.93,6.48
SHP-0788,West,Road,WH-C,107.62,418.66,963.54,4.22
SHP-0789,North,Road,WH-D,71.32,343.69,530.01,3.9
SHP-0790,North,Road,WH-C,73.99,492.52,659.22,4.84
SHP-0791,East,Air,WH-B,36.16,838.47,944.34,2.99
SHP-0792,Central,Rail,WH-D,52.44,525.76,251.33,4.07
SHP-0793,West,Rail,WH-A,185.88,431.56,1196.97,4.97
SHP-0794,South,Road,WH-A,90.12,574.68,969.24,2.88
SHP-0795,West,Rail,WH-D,41.45,513.03,305.77,5.46
SHP-0796,South,Road,WH-B,44.56,194.78,529.2,1.51
SHP-0797,Central,Sea,WH-A,69.81,688.45,206.44,5.74
SHP-0798,South,Rail,WH-A,56.46,599.19,389.22,4.34
SHP-0799,East,Road,WH-C,82.28,496.59,928.36,4.55
SHP-0800,East,Road,WH-C,104.29,820.51,966.27,4.51
SHP-0801,East,Road,WH-B,54.08,882.04,667.09,4.45
SHP-0802,East,Road,WH-D,72.05,723.0,723.45,4.27
SHP-0803,West,Road,WH-B,47.94,327.62,516.42,3.48
SHP-0804,Central,Rail,WH-D,164.28,333.11,1195.61,4.26
SHP-0805,South,Road,WH-A,104.24,842.46,1092.03,3.75
SHP-0806,South,Road,WH-C,106.37,200.12,979.23,4.43
SHP-0807,East,Road,WH-B,100.79,458.77,1039.19,4.48
SHP-0808,East,Road,WH-B,56.26,608.57,530.17,4.75
SHP-0809,North,Sea,WH-D,90.82,212.68,447.58,6.03
SHP-0810,Central,Road,WH-D,89.13,551.41,790.67,4.0
SHP-0811,West,Rail,WH-B,91.88,779.09,661.84,5.75
SHP-0812,South,Air,WH-D,60.43,241.51,1443.9,1.58
SHP-0813,North,Rail,WH-B,62.09,1092.17,467.05,6.62
SHP-0814,North,Sea,WH-B,122.33,303.47,662.26,6.24
SHP-0815,South,Road,WH-B,70.3,649.29,967.28,4.54
SHP-0816,West,Sea,WH-A,122.35,473.37,586.12,4.71
SHP-0817,North,Road,WH-D,60.6,509.47,665.62,4.59
SHP-0818,North,Road,WH-C,59.59,266.11,625.54,3.22
SHP-0819,Central,Rail,WH-C,58.4,902.37,469.79,5.95
SHP-0820,West,Sea,WH-D,81.06,576.18,473.89,5.94
SHP-0821,North,Air,WH-B,125.47,1072.77,2826.34,2.42
SHP-0822,West,Road,WH-C,61.98,269.47,557.4,3.57
SHP-0823,South,Road,WH-C,60.39,451.7,487.76,2.41
SHP-0824,East,Sea,WH-D,91.73,544.88,767.73,6.42
SHP-0825,North,Road,WH-C,44.36,507.24,534.16,3.3
SHP-0826,Central,Air,WH-B,128.38,678.62,2803.53,2.42
SHP-0827,South,Sea,WH-D,82.76,448.95,428.08,6.53
SHP-0828,West,Road,WH-B,83.46,1364.54,892.19,5.1
SHP-0829,South,Road,WH-C,132.94,502.26,1253.48,4.17
SHP-0830,North,Road,WH-C,150.43,123.42,1290.7,4.28
SHP-0831,West,Road,WH-B,76.87,513.07,880.38,3.43
SHP-0832,East,Sea,WH-A,60.25,902.8,384.72,6.76
SHP-0833,South,Road,WH-C,70.2,316.34,905.45,4.22
SHP-0834,North,Sea,WH-A,59.53,306.85,378.76,5.93
SHP-0835,Central,Road,WH-C,51.92,329.18,626.81,3.84
SHP-0836,West,Sea,WH-A,48.93,293.92,103.74,6.06
SHP-0837,South,Road,WH-A,71.75,391.46,571.59,2.57
SHP-0838,South,Road,WH-A,105.85,762.39,1069.98,3.74
SHP-0839,East,Road,WH-B,87.23,1025.2,818.86,5.41
SHP-0840,East,Air,WH-A,98.51,153.91,2125.03,1.0
SHP-0841,Central,Rail,WH-A,92.15,410.9,833.98,4.71
SHP-0842,Central,Air,WH-A,38.77,569.81,993.74,1.25
SHP-0843,North,Road,WH-C,67.75,543.1,612.25,4.84
SHP-0844,North,Road,WH-A,83.51,1226.56,702.14,5.64
SHP-0845,Central,Road,WH-C,79.59,187.7,689.49,4.22
SHP-0846,Central,Road,WH-A,63.88,142.2,767.73,3.19
SHP-0847,West,Road,WH-A,88.31,1325.92,919.36,5.32
SHP-0848,East,Sea,WH-B,132.7,707.44,551.41,7.01
SHP-0849,North,Sea,WH-C,102.0,374.56,579.33,6.0
SHP-0850,East,Sea,WH-A,122.12,535.05,535.41,8.73
SHP-0851,East,Air,WH-C,139.33,553.77,3161.53,3.15
SHP-0852,Central,Road,WH-C,118.22,370.24,1157.0,3.18
SHP-0853,West,Road,WH-D,133.81,527.45,1388.5,6.05
SHP-0854,South,Road,WH-B,33.83,584.24,349.09,3.27
SHP-0855,West,Sea,WH-B,89.84,1296.54,433.99,7.98
SHP-0856,West,Road,WH-B,55.35,782.47,540.58,4.89
SHP-0857,East,Road,WH-D,107.14,1135.55,1061.9,4.38
SHP-0858,West,Road,WH-D,113.89,258.55,1267.85,3.02
SHP-0859,North,Road,WH-B,55.92,417.11,570.74,4.92
SHP-0860,East,Sea,WH-D,116.88,553.51,570.61,6.7
SHP-0861,North,Air,WH-D,81.96,195.95,1889.28,2.21
SHP-0862,South,Road,WH-D,83.15,868.96,859.46,4.02
SHP-0863,East,Sea,WH-B,117.03,670.66,670.01,7.0
SHP-0864,South,Rail,WH-B,58.71,413.13,384.92,5.63
SHP-0865,East,Road,WH-B,116.66,451.24,1106.45,4.57
SHP-0866,Central,Road,WH-D,58.87,899.52,552.8,4.32
SHP-0867,West,Road,WH-B,81.61,336.36,950.21,3.09
SHP-0868,Central,Road,WH-D,58.7,917.09,625.44,4.18
SHP-0869,South,Sea,WH-A,92.55,436.6,357.49,6.88
SHP-0870,West,Road,WH-D,91.27,708.31,939.48,4.83
SHP-0871,East,Sea,WH-C,86.38,513.7,377.8,5.81
SHP-0872,West,Road,WH-B,68.1,1439.33,730.91,5.56
SHP-0873,North,Road,WH-B,111.38,321.84,1108.76,3.86
SHP-0874,West,Road,WH-C,35.34,374.21,487.33,3.6
SHP-0875,North,Road,WH-D,76.52,239.14,754.15,3.14
SHP-0876,West,Road,WH-A,123.94,291.07,1143.87,4.49
SHP-0877,North,Sea,WH-C,135.11,693.88,623.12,7.11
SHP-0878,South,Road,WH-C,89.12,1062.18,984.09,4.99
SHP-0879,Central,Rail,WH-D,89.33,732.68,482.58,4.88
SHP-0880,East,Road,WH-B,51.0,491.48,440.45,3.46
SHP-0881,West,Road,WH-D,56.59,320.88,580.26,5.26
SHP-0882,Central,Road,WH-C,32.85,758.42,236.25,5.42
SHP-0883,East,Rail,WH-C,95.12,312.52,618.29,4.85
SHP-0884,East,Road,WH-B,165.9,257.88,1558.45,5.26
SHP-0885,North,Road,WH-B,134.43,424.93,1381.27,5.07
SHP-0886,South,Rail,WH-B,49.01,185.62,313.36,3.47
SHP-0887,South,Road,WH-D,54.35,253.9,631.56,2.56
SHP-0888,Central,Road,WH-B,127.61,1218.38,1316.09,5.99
SHP-0889,South,Road,WH-C,81.66,232.28,936.45,3.36
SHP-0890,West,Sea,WH-C,46.87,278.58,122.19,5.39
SHP-0891,South,Rail,WH-A,59.45,510.04,556.58,5.06
SHP-0892,Central,Road,WH-D,22.27,522.94,220.51,2.66
SHP-0893,South,Road,WH-A,85.34,440.27,963.86,3.66
SHP-0894,West,Sea,WH-C,141.41,188.36,746.25,5.16
SHP-0895,North,Rail,WH-A,86.98,740.46,396.48,4.69
SHP-0896,Central,Road,WH-C,94.28,398.35,965.91,3.35
SHP-0897,North,Sea,WH-A,194.07,885.2,1023.96,8.04
SHP-0898,North,Road,WH-B,47.49,361.58,586.38,3.15
SHP-0899,North,Road,WH-A,141.17,789.66,1310.16,4.07
SHP-0900,East,Rail,WH-B,77.86,917.93,626.76,6.24
SHP-0901,East,Road,WH-B,59.49,393.81,612.28,4.89
SHP-0902,North,Sea,WH-D,98.16,751.91,536.39,7.46
SHP-0903,Central,Air,WH-B,64.39,260.42,1517.22,2.69
SHP-0904,West,Rail,WH-B,66.44,559.24,569.14,5.87
SHP-0905,West,Road,WH-A,123.24,885.96,1189.21,4.45
SHP-0906,South,Road,WH-C,131.08,631.99,1317.1,4.62
SHP-0907,Central,Road,WH-D,86.25,1563.98,947.75,5.86
SHP-0908,East,Air,WH-B,177.65,649.17,3940.99,3.71
SHP-0909,North,Road,WH-D,70.22,413.51,688.67,3.78
SHP-0910,South,Road,WH-A,207.58,1926.82,2141.81,6.4
SHP-0911,West,Air,WH-B,151.02,1079.42,3360.63,4.26
SHP-0912,East,Road,WH-A,148.21,228.29,1496.89,4.26
SHP-0913,East,Rail,WH-D,114.66,338.19,873.87,4.59
SHP-0914,North,Road,WH-A,106.74,299.37,972.35,3.49
SHP-0915,West,Sea,WH-D,94.48,671.76,584.36,6.18
SHP-0916,Central,Road,WH-A,142.71,648.17,1342.14,3.87
SHP-0917,East,Road,WH-D,135.14,645.78,1407.27,4.39
SHP-0918,North,Road,WH-C,101.43,225.35,1086.95,3.93
SHP-0919,Central,Road,WH-A,70.14,362.75,687.81,3.69
SHP-0920,West,Air,WH-A,41.96,458.68,894.89,1.26
SHP-0921,East,Air,WH-C,114.76,205.51,2494.0,2.86
SHP-0922,Central,Rail,WH-C,89.01,324.25,633.47,3.28
SHP-0923,Central,Road,WH-A,118.47,944.91,1358.25,5.19
SHP-0924,Central,Road,WH-C,126.94,233.7,1089.25,3.63
SHP-0925,East,Road,WH-B,28.29,990.81,356.0,4.08
SHP-0926,East,Rail,WH-D,67.51,831.93,498.33,5.94
SHP-0927,South,Sea,WH-D,71.8,428.57,320.84,5.72
SHP-0928,West,Road,WH-D,46.35,360.88,462.76,4.29
SHP-0929,North,Road,WH-B,102.81,734.56,992.1,5.21
SHP-0930,Central,Rail,WH-C,114.12,337.61,868.24,6.18
SHP-0931,South,Air,WH-C,93.18,345.77,2184.93,1.11
SHP-0932,North,Air,WH-A,44.27,487.14,1019.98,2.81
SHP-0933,South,Sea,WH-C,107.77,177.24,487.83,4.8
SHP-0934,East,Road,WH-A,70.12,245.68,646.35,3.56
SHP-0935,Central,Road,WH-B,66.93,423.47,676.92,3.42
SHP-0936,North,Sea,WH-D,131.51,619.14,789.15,7.38
SHP-0937,North,Rail,WH-D,163.37,335.37,1080.45,5.62
SHP-0938,North,Road,WH-D,110.45,448.16,1018.01,3.5
SHP-0939,North,Air,WH-C,70.46,227.13,1536.38,1.97
SHP-0940,North,Air,WH-A,77.19,770.93,1820.05,2.26
SHP-0941,South,Rail,WH-A,118.71,547.65,758.01,4.38
SHP-0942,Central,Rail,WH-B,40.01,571.41,303.05,4.85
SHP-0943,East,Road,WH-C,232.7,622.88,2298.28,4.19
SHP-0944,East,Road,WH-B,87.4,511.58,819.9,4.87
SHP-0945,East,Road,WH-A,84.69,390.64,694.61,3.94
SHP-0946,East,Sea,WH-A,33.09,847.45,130.97,6.9
SHP-0947,South,Sea,WH-D,84.02,531.29,351.91,6.07
SHP-0948,West,Sea,WH-C,57.26,455.07,275.79,7.2
SHP-0949,Central,Road,WH-A,133.54,490.71,1311.47,5.3
SHP-0950,North,Air,WH-D,101.43,485.71,2336.32,3.09
SHP-0951,West,Air,WH-C,36.2,452.88,734.49,1.47
SHP-0952,East,Rail,WH-B,104.19,610.41,780.3,4.71
SHP-0953,West,Air,WH-C,121.51,314.44,2668.69,1.74
SHP-0954,Central,Sea,WH-C,111.85,325.66,386.53,6.43
SHP-0955,North,Road,WH-A,103.07,644.48,1031.85,5.01
SHP-0956,North,Road,WH-A,144.32,459.57,1513.11,4.56
SHP-0957,Central,Road,WH-C,72.23,785.46,819.63,3.71
SHP-0958,Central,Road,WH-A,83.48,599.6,834.94,3.78
SHP-0959,East,Rail,WH-A,53.16,377.94,465.84,4.34
SHP-0960,North,Air,WH-A,212.31,649.4,4738.14,3.44
SHP-0961,West,Road,WH-D,50.4,875.37,627.29,4.77
SHP-0962,South,Road,WH-D,84.63499999999999,610.67,978.26,4.52
SHP-0963,South,Rail,WH-C,69.1,678.23,403.43,5.13
SHP-0964,Central,Road,WH-A,84.45,453.75,896.85,2.45
SHP-0965,East,Road,WH-D,27.34,793.66,446.41,3.19
SHP-0966,South,Road,WH-C,114.3,372.88,1149.04,3.51
SHP-0967,North,Road,WH-A,202.75,579.69,1932.68,4.95
SHP-0968,Central,Road,WH-B,112.96,1691.49,1140.37,7.18
SHP-0969,West,Road,WH-A,22.53,638.21,239.87,3.84
SHP-0970,Central,Road,WH-A,101.67,402.65,1095.15,3.21
SHP-0971,West,Sea,WH-D,44.8,402.15,206.37,6.34
SHP-0972,Central,Road,WH-C,49.44,476.16,591.6,3.73
SHP-0973,Central,Air,WH-C,111.53,741.44,2565.13,2.29
SHP-0974,Central,Road,WH-D,102.1,528.46,1149.37,3.0
SHP-0975,West,Road,WH-A,117.63,360.94,1162.36,3.87
SHP-0976,West,Air,WH-B,102.47,360.63,2279.15,1.89
SHP-0977,Central,Road,WH-A,85.97,530.06,946.95,3.34
SHP-0978,South,Road,WH-A,115.31,502.88,1060.81,4.38
SHP-0979,East,Rail,WH-B,40.93,613.01,279.56,5.6
SHP-0980,East,Rail,WH-D,129.36,765.4,767.69,5.94
SHP-0981,East,Road,WH-C,45.47,1824.63,477.57,6.38
SHP-0982,West,Road,WH-D,100.15,244.26,1124.88,4.16
SHP-0983,West,Rail,WH-D,147.7,685.19,1070.27,5.82
SHP-0984,South,Road,WH-A,51.49,516.56,420.81,3.03
SHP-0985,East,Rail,WH-C,119.49,203.28,888.56,4.7
SHP-0986,East,Air,WH-C,113.01,897.65,2501.66,3.45
SHP-0987,Central,Sea,WH-D,90.85,603.15,508.36,5.18
SHP-0988,West,Road,WH-B,35.77,723.36,447.8,3.36
SHP-0989,East,Sea,WH-D,101.11,217.95,605.65,6.64
SHP-0990,South,Road,WH-B,92.42,443.28,870.45,4.47
SHP-0991,South,Road,WH-C,123.08,293.53,1133.49,4.23
SHP-0992,East,Road,WH-D,52.02,1391.71,390.4,6.24
SHP-0993,West,Air,WH-A,144.4,853.53,3235.25,2.94
SHP-0994,South,Road,WH-D,89.94,355.36,940.91,2.73
SHP-0995,Central,Road,WH-C,82.17,235.67,868.43,3.35
SHP-0996,South,Road,WH-A,147.49,540.85,1544.59,2.71
SHP-0997,North,Air,WH-A,129.72,832.44,2943.65,3.84
SHP-0998,North,Air,WH-B,128.66,214.26,2888.02,1.23
SHP-0999,West,Air,WH-A,58.33,315.06,1313.96,1.02
SHP-1000,East,Road,WH-A,108.54,289.84,1110.95,4.67
SHP-1001,West,Road,WH-D,40.51,747.05,369.91,2.95
SHP-1002,West,Rail,WH-C,63.18,412.6,331.02,3.77
SHP-1003,West,Road,WH-B,65.31,420.98,587.82,3.82
SHP-1004,West,Road,WH-D,116.68,535.84,1168.46,4.49
SHP-1005,Central,Rail,WH-A,136.47,323.25,808.89,4.9
SHP-1006,Central,Sea,WH-A,85.81,246.42,355.18,5.9
SHP-1007,South,Air,WH-B,76.33,950.94,1707.25,3.34
SHP-1008,North,Air,WH-C,121.32,994.25,2811.17,3.63
SHP-1009,West,Sea,WH-B,90.78,537.11,504.31,6.73
SHP-1010,South,Road,WH-D,90.36,556.15,908.54,4.36
SHP-1011,North,Rail,WH-B,65.11,902.61,531.52,5.49
SHP-1012,East,Sea,WH-A,91.38,531.23,491.38,8.19
SHP-1013,Central,Road,WH-D,53.3,402.96,509.46,2.01
SHP-1014,North,Air,WH-A,67.45,502.14,1480.78,3.01
SHP-1015,East,Rail,WH-C,154.61,961.72,1204.86,7.04
SHP-1016,North,Rail,WH-A,80.31,505.52,363.35,5.24
SHP-1017,Central,Rail,WH-A,114.59,357.34,714.09,4.94
SHP-1018,Central,Sea,WH-B,67.0,528.77,327.49,6.22
SHP-1019,South,Air,WH-A,151.79,675.19,3438.29,3.14
SHP-1020,West,Road,WH-D,79.02,637.4,892.48,4.07
SHP-1021,North,Sea,WH-D,153.31,642.49,889.81,6.61
SHP-1022,North,Road,WH-C,59.6,331.36,585.33,4.26
SHP-1023,East,Road,WH-D,70.71,713.12,726.81,5.6
SHP-1024,Central,Road,WH-B,75.85,499.53,789.56,2.58
SHP-1025,North,Road,WH-C,71.68,350.14,666.46,5.38
SHP-1026,Central,Road,WH-D,123.48,710.4,1135.19,3.85
SHP-1027,North,Sea,WH-B,122.79,396.33,767.73,5.83
SHP-1028,South,Air,WH-D,95.44,231.44,2177.74,1.0
SHP-1029,West,Rail,WH-D,114.09,304.82,746.56,4.69
SHP-1030,North,Road,WH-A,238.1,451.61,2331.19,3.95
SHP-1031,Central,Sea,WH-D,103.1,650.4,366.46,5.94
SHP-1032,South,Sea,WH-D,121.26,325.46,573.16,5.48
SHP-1033,North,Air,WH-B,60.75,438.99,1339.45,1.93
SHP-1034,East,Road,WH-B,84.63499999999999,274.8,557.63,3.84
SHP-1035,West,Road,WH-A,48.14,789.48,573.06,5.07
SHP-1036,North,Road,WH-D,91.59,1123.63,1107.66,6.1
SHP-1037,South,Road,WH-A,88.1,1066.84,1001.48,5.45
SHP-1038,East,Road,WH-D,41.86,783.05,544.65,4.27
SHP-1039,South,Sea,WH-C,94.15,745.46,540.3,5.29
SHP-1040,South,Road,WH-C,100.66,182.27,1022.6,1.89
SHP-1041,East,Road,WH-A,131.42,536.49,1147.43,5.22
SHP-1042,South,Road,WH-A,73.78,388.34,721.77,4.01
SHP-1043,East,Road,WH-A,117.19,751.92,1214.15,4.39
SHP-1044,North,Road,WH-B,110.65,145.76,1105.38,2.57
SHP-1045,East,Road,WH-B,109.86,540.57,1188.61,3.66
SHP-1046,East,Road,WH-B,57.59,444.55,500.11,4.05
SHP-1047,West,Air,WH-A,81.99,842.9,1919.69,2.61
SHP-1048,East,Sea,WH-D,138.91,1035.91,622.77,8.58
SHP-1049,East,Road,WH-C,123.64,315.5,1182.89,3.75
SHP-1050,North,Road,WH-A,43.03,322.41,429.63,3.35
SHP-1051,West,Sea,WH-B,112.18,550.4,617.85,7.31
SHP-1052,Central,Road,WH-B,54.24,1132.53,665.44,3.47
SHP-1053,North,Road,WH-A,39.81,507.18,428.42,4.07
SHP-1054,North,Sea,WH-A,73.66,266.67,180.63,5.76
SHP-1055,Central,Road,WH-B,100.61,368.41,1020.88,4.33
SHP-1056,East,Rail,WH-D,102.24,543.09,686.59,5.71
SHP-1057,South,Rail,WH-B,42.03,552.97,428.76,4.05
SHP-1058,West,Road,WH-B,56.57,351.44,657.81,3.1
SHP-1059,South,Road,WH-A,166.67,364.9,1537.55,2.28
SHP-1060,Central,Air,WH-D,48.32,307.61,1134.13,1.95
SHP-1061,North,Road,WH-B,64.21,852.15,726.36,4.77
SHP-1062,North,Road,WH-B,21.03,330.07,268.48,4.4
SHP-1063,West,Air,WH-C,180.91,394.22,4043.47,1.94
SHP-1064,North,Road,WH-A,52.05,388.87,575.97,4.34
SHP-1065,North,Road,WH-C,57.55,227.95,685.07,2.69
SHP-1066,West,Sea,WH-C,39.78,325.56,160.93,3.82
SHP-1067,West,Road,WH-B,80.23,888.47,760.84,4.49
SHP-1068,Central,Sea,WH-A,72.13,275.76,409.25,5.51
SHP-1069,North,Air,WH-D,151.72,310.27,3211.97,1.37
SHP-1070,North,Rail,WH-B,145.16,259.92,1016.67,5.61
SHP-1071,Central,Road,WH-D,189.06,471.78,1871.97,5.35
SHP-1072,East,Sea,WH-D,108.01,1218.08,395.84,8.09
SHP-1073,East,Road,WH-A,51.1,462.34,471.5,3.8
SHP-1074,East,Air,WH-C,83.81,508.8,2010.5,2.23
SHP-1075,Central,Road,WH-A,57.02,336.36,452.07,3.07
SHP-1076,North,Road,WH-D,43.91,478.39,472.44,4.21
SHP-1077,Central,Road,WH-B,172.25,888.86,1627.14,4.1
SHP-1078,Central,Sea,WH-D,118.26,527.74,517.67,5.87
SHP-1079,East,Sea,WH-B,110.89,1370.94,761.97,7.75
SHP-1080,South,Road,WH-B,39.77,901.94,459.8,4.54
SHP-1081,North,Road,WH-A,96.2,472.75,993.05,3.88
SHP-1082,East,Air,WH-D,72.51,468.35,1623.75,3.01
SHP-1083,South,Road,WH-C,90.66,1077.98,826.26,5.33
SHP-1084,South,Road,WH-D,33.53,526.32,265.89,2.88
SHP-1085,West,Rail,WH-D,107.32,969.02,869.38,6.3
SHP-1086,North,Road,WH-C,30.41,1288.71,404.19,4.93
SHP-1087,South,Sea,WH-A,79.6,446.74,332.32,6.29
SHP-1088,East,Road,WH-D,97.48,583.44,970.98,5.0
SHP-1089,West,Road,WH-D,117.98,788.71,1236.84,5.37
SHP-1090,North,Road,WH-B,101.15,712.23,1054.3,4.7
SHP-1091,Central,Air,WH-D,110.39,709.84,2423.87,3.62
SHP-1092,East,Road,WH-C,99.81,259.81,842.99,4.14
SHP-1093,South,Rail,WH-B,57.78,327.92,369.23,4.31
SHP-1094,South,Road,WH-A,39.45,388.49,494.53,3.01
SHP-1095,East,Sea,WH-B,137.99,882.64,759.91,7.13
SHP-1096,South,Road,WH-C,158.47,272.33,1560.09,3.97
SHP-1097,West,Road,WH-C,78.02,1023.67,809.41,4.87
SHP-1098,North,Rail,WH-B,62.94,716.46,425.12,5.53
SHP-1099,West,Road,WH-A,33.23,857.51,372.15,4.58
SHP-1100,South,Road,WH-B,68.03,315.39,734.1,3.43
SHP-1101,Central,Sea,WH-A,60.07,510.15,391.96,7.67
SHP-1102,North,Road,WH-B,47.17,568.78,472.69,3.63
SHP-1103,North,Air,WH-C,142.47,556.9,3381.83,2.81
SHP-1104,East,Road,WH-D,111.67,567.88,1113.69,4.29
SHP-1105,East,Air,WH-D,112.65,431.5,2485.15,1.0
SHP-1106,Central,Road,WH-A,80.23,525.79,922.31,3.87
SHP-1107,North,Road,WH-A,54.73,809.25,421.57,3.82
SHP-1108,Central,Sea,WH-A,90.83,281.48,469.65,5.97
SHP-1109,East,Air,WH-C,87.4,1035.44,1999.8,3.15
SHP-1110,East,Road,WH-B,38.91,789.43,548.63,4.72
SHP-1111,North,Road,WH-C,112.81,310.04,1144.89,3.52
SHP-1112,West,Sea,WH-D,84.3,592.44,437.86,6.16
SHP-1113,South,Road,WH-A,87.47,759.54,944.75,4.66
SHP-1114,East,Air,WH-B,64.09,272.34,1347.35,1.08
SHP-1115,East,Air,WH-D,73.94,502.78,1744.15,1.0
SHP-1116,West,Road,WH-D,113.22,474.52,1005.99,4.1
SHP-1117,West,Road,WH-D,162.88,361.45,1604.94,4.81
SHP-1118,Central,Rail,WH-C,165.81,515.08,1121.81,5.94
SHP-1119,Central,Road,WH-A,71.71,369.39,569.78,3.79
SHP-1120,South,Road,WH-D,82.03,953.05,861.04,5.36
SHP-1121,South,Sea,WH-A,132.64,364.75,648.63,6.86
SHP-1122,North,Rail,WH-C,59.26,720.65,390.44,5.11
SHP-1123,Central,Air,WH-D,47.47,222.61,981.25,1.44
SHP-1124,East,Rail,WH-C,91.76,455.93,672.27,5.34
SHP-1125,Central,Rail,WH-C,102.15,495.67,732.61,5.01
SHP-1126,East,Road,WH-A,86.14,448.87,872.4,4.89
SHP-1127,West,Road,WH-D,70.25,407.39,700.65,3.52
SHP-1128,Central,Road,WH-C,101.45,357.66,947.11,3.46
SHP-1129,West,Road,WH-D,73.61,707.81,937.74,2.38
SHP-1130,South,Air,WH-A,82.23,796.11,1848.84,1.65
SHP-1131,South,Road,WH-C,79.71,473.69,725.92,2.68
SHP-1132,North,Road,WH-A,95.17,291.08,931.78,3.73
SHP-1133,Central,Road,WH-D,63.67,1165.72,683.66,4.2
SHP-1134,West,Road,WH-D,91.71,323.01,871.35,4.02
SHP-1135,East,Road,WH-A,31.28,244.56,466.65,4.19
SHP-1136,South,Road,WH-B,56.54,187.53,461.77,2.93
SHP-1137,South,Road,WH-C,108.93,516.84,1079.14,3.16
SHP-1138,East,Road,WH-D,74.6,443.92,659.24,4.22
SHP-1139,West,Road,WH-D,73.3,808.24,767.73,5.7
SHP-1140,West,Air,WH-C,126.69,660.71,2978.85,3.51
SHP-1141,Central,Road,WH-A,143.81,566.4,1434.0,3.44
SHP-1142,Central,Road,WH-A,117.41,432.57,1171.58,3.03
SHP-1143,North,Rail,WH-A,81.7,839.49,523.03,4.49
SHP-1144,South,Road,WH-B,71.48,1207.55,741.72,4.1
SHP-1145,Central,Sea,WH-B,64.77,799.76,501.3,6.99
SHP-1146,West,Road,WH-D,94.86,394.45,972.69,3.35
SHP-1147,East,Road,WH-A,54.69,717.05,549.72,3.82
SHP-1148,West,Rail,WH-C,122.23,406.26,862.22,5.65
SHP-1149,South,Road,WH-D,104.74,289.91,1039.67,3.78
SHP-1150,West,Rail,WH-C,73.27,320.04,434.67,3.3
SHP-1151,North,Road,WH-D,72.85,414.92,695.73,4.55
SHP-1152,South,Sea,WH-B,72.63,517.96,548.63,6.4
SHP-1153,East,Road,WH-D,76.36,1324.88,767.73,6.0
SHP-1154,North,Road,WH-B,87.93,322.72,735.65,3.38
SHP-1155,South,Rail,WH-D,91.32,930.08,708.8,5.37
SHP-1156,East,Road,WH-A,155.99,423.15,1620.0,3.06
SHP-1157,North,Road,WH-C,87.85,187.19,777.25,4.14
SHP-1158,North,Air,WH-A,69.74,386.55,1528.6,1.09
SHP-1159,South,Sea,WH-D,146.32,866.81,844.08,6.48
SHP-1160,Central,Road,WH-D,82.12,581.4,829.4,3.49
SHP-1161,North,Air,WH-D,26.95,598.33,629.32,3.2
SHP-1162,North,Sea,WH-B,160.87,932.33,691.61,7.22
SHP-1163,East,Sea,WH-C,56.62,299.63,364.4,6.72
SHP-1164,West,Road,WH-C,100.44,297.42,962.94,3.58
SHP-1165,South,Air,WH-D,78.88,166.24,1574.87,1.0
SHP-1166,South,Road,WH-D,83.93,750.69,731.57,3.42
SHP-1167,Central,Sea,WH-B,60.18,645.48,277.51,6.07
SHP-1168,Central,Road,WH-A,54.12,697.5,484.14,4.12
SHP-1169,South,Road,WH-A,124.82,279.26,1134.85,3.92
SHP-1170,Central,Air,WH-C,85.17,228.14,2079.46,1.16
SHP-1171,East,Road,WH-B,76.43,261.54,803.65,3.34
SHP-1172,South,Sea,WH-D,77.05,316.45,165.87,5.09
SHP-1173,Central,Sea,WH-C,129.12,1038.88,639.01,6.77
SHP-1174,South,Rail,WH-B,56.89,796.37,426.35,4.17
SHP-1175,West,Road,WH-A,146.88,395.46,1308.87,4.73
SHP-1176,North,Rail,WH-B,93.51,568.86,696.09,4.88
SHP-1177,South,Road,WH-A,72.21,355.81,551.11,3.04
SHP-1178,North,Road,WH-B,66.34,586.9,764.95,3.67
SHP-1179,Central,Sea,WH-C,63.27,285.35,422.86,5.65
SHP-1180,North,Road,WH-A,62.12,706.36,834.89,4.59
SHP-1181,South,Road,WH-C,114.16,327.71,984.82,3.19
SHP-1182,West,Sea,WH-C,51.45,725.48,179.9,6.63
SHP-1183,Central,Road,WH-A,78.96,401.35,837.68,4.76
SHP-1184,South,Road,WH-A,91.07,337.23,986.74,2.85
SHP-1185,Central,Sea,WH-D,55.95,1068.74,402.0,6.95
SHP-1186,East,Road,WH-D,46.44,536.43,570.45,4.48
SHP-1187,North,Air,WH-D,33.49,422.15,880.73,2.7
SHP-1188,East,Sea,WH-C,89.9,709.05,477.45,6.12
SHP-1189,South,Sea,WH-C,38.11,258.99,175.21,4.19
SHP-1190,West,Rail,WH-D,170.81,838.23,1067.85,5.97
SHP-1191,Central,Road,WH-C,100.16,460.85,964.52,3.92
SHP-1192,North,Road,WH-C,36.24,657.46,385.31,4.59
SHP-1193,Central,Air,WH-A,69.63,234.4,1474.58,1.8
SHP-1194,South,Sea,WH-A,69.66,410.11,343.21,5.81
SHP-1195,Central,Road,WH-C,90.78,493.83,816.89,4.74
SHP-1196,North,Road,WH-D,71.0,807.99,828.17,4.09
SHP-1197,South,Road,WH-B,35.79,683.07,428.72,3.89
SHP-1198,Central,Road,WH-D,42.4,408.14,398.71,2.73
SHP-1199,West,Air,WH-B,123.8,573.99,2784.63,2.2
SHP-1200,South,Road,WH-D,67.11,900.68,621.22,3.29
